model,blimp_phenomenon,accuracy,n_correct,n_total,checkpoint
RA-ALTA/pl-en-beginner,adjunct_island,0.817,817,1000,main
RA-ALTA/pl-en-beginner,anaphor_gender_agreement,0.582,582,1000,main
RA-ALTA/pl-en-beginner,anaphor_number_agreement,0.794,794,1000,main
RA-ALTA/tr-en-phase1-final,adjunct_island,0.581,581,1000,main
RA-ALTA/pl-en-fluent,adjunct_island,0.849,849,1000,main
RA-ALTA/tr-en-advanced,adjunct_island,0.768,768,1000,main
RA-ALTA/pl-en-advanced,adjunct_island,0.798,798,1000,main
RA-ALTA/tr-en-intermediate,adjunct_island,0.758,758,1000,main
RA-ALTA/pl-en-intermediate,adjunct_island,0.846,846,1000,main
RA-ALTA/pl-en-beginner,animate_subject_passive,0.691,691,1000,main
RA-ALTA/tr-en-phase1-final,anaphor_gender_agreement,0.321,321,1000,main
RA-ALTA/pl-en-fluent,anaphor_gender_agreement,0.773,773,1000,main
RA-ALTA/tr-en-advanced,anaphor_gender_agreement,0.663,663,1000,main
RA-ALTA/pl-en-advanced,anaphor_gender_agreement,0.747,747,1000,main
RA-ALTA/tr-en-intermediate,anaphor_gender_agreement,0.529,529,1000,main
RA-ALTA/pl-en-intermediate,anaphor_gender_agreement,0.714,714,1000,main
RA-ALTA/tr-en-phase1-final,anaphor_number_agreement,0.515,515,1000,main
RA-ALTA/pl-en-beginner,animate_subject_trans,0.878,878,1000,main
RA-ALTA/pl-en-fluent,anaphor_number_agreement,0.914,914,1000,main
RA-ALTA/tr-en-beginner,adjunct_island,0.728,728,1000,main
RA-ALTA/tr-en-advanced,anaphor_number_agreement,0.892,892,1000,main
RA-ALTA/tr-en-intermediate,anaphor_number_agreement,0.875,875,1000,main
RA-ALTA/pl-en-advanced,anaphor_number_agreement,0.868,868,1000,main
RA-ALTA/pl-en-intermediate,anaphor_number_agreement,0.844,844,1000,main
RA-ALTA/pl-en-beginner,causative,0.625,625,1000,main
RA-ALTA/tr-en-phase1-final,animate_subject_passive,0.59,590,1000,main
RA-ALTA/pl-en-fluent,animate_subject_passive,0.738,738,1000,main
RA-ALTA/tr-en-beginner,anaphor_gender_agreement,0.456,456,1000,main
RA-ALTA/tr-en-advanced,animate_subject_passive,0.756,756,1000,main
RA-ALTA/tr-en-intermediate,animate_subject_passive,0.735,735,1000,main
RA-ALTA/pl-en-advanced,animate_subject_passive,0.712,712,1000,main
RA-ALTA/pl-en-intermediate,animate_subject_passive,0.698,698,1000,main
RA-ALTA/tr-en-phase1-final,animate_subject_trans,0.807,807,1000,main
RA-ALTA/pl-en-beginner,complex_NP_island,0.47,470,1000,main
RA-ALTA/pl-en-fluent,animate_subject_trans,0.88,880,1000,main
RA-ALTA/tr-en-beginner,anaphor_number_agreement,0.836,836,1000,main
RA-ALTA/tr-en-advanced,animate_subject_trans,0.801,801,1000,main
RA-ALTA/tr-en-intermediate,animate_subject_trans,0.798,798,1000,main
RA-ALTA/pl-en-advanced,animate_subject_trans,0.884,884,1000,main
RA-ALTA/pl-en-intermediate,animate_subject_trans,0.881,881,1000,main
RA-ALTA/tr-en-phase1-final,causative,0.481,481,1000,main
RA-ALTA/pl-en-beginner,coordinate_structure_constraint_complex_left_branch,0.236,236,1000,main
RA-ALTA/pl-en-fluent,causative,0.63,630,1000,main
RA-ALTA/tr-en-beginner,animate_subject_passive,0.666,666,1000,main
RA-ALTA/tr-en-advanced,causative,0.619,619,1000,main
RA-ALTA/tr-en-intermediate,causative,0.635,635,1000,main
RA-ALTA/pl-en-advanced,causative,0.633,633,1000,main
RA-ALTA/tr-en-phase1-final,complex_NP_island,0.489,489,1000,main
RA-ALTA/pl-en-intermediate,causative,0.633,633,1000,main
RA-ALTA/pl-en-beginner,coordinate_structure_constraint_object_extraction,0.788,788,1000,main
RA-ALTA/pl-en-fluent,complex_NP_island,0.512,512,1000,main
RA-ALTA/tr-en-beginner,animate_subject_trans,0.807,807,1000,main
RA-ALTA/tr-en-advanced,complex_NP_island,0.59,590,1000,main
RA-ALTA/tr-en-intermediate,complex_NP_island,0.562,562,1000,main
RA-ALTA/pl-en-advanced,complex_NP_island,0.472,472,1000,main
RA-ALTA/tr-en-phase1-final,coordinate_structure_constraint_complex_left_branch,0.184,184,1000,main
RA-ALTA/pl-en-intermediate,complex_NP_island,0.503,503,1000,main
RA-ALTA/pl-en-fluent,coordinate_structure_constraint_complex_left_branch,0.33,330,1000,main
RA-ALTA/pl-en-beginner,determiner_noun_agreement_1,0.935,935,1000,main
RA-ALTA/tr-en-beginner,causative,0.565,565,1000,main
RA-ALTA/tr-en-advanced,coordinate_structure_constraint_complex_left_branch,0.372,372,1000,main
RA-ALTA/tr-en-intermediate,coordinate_structure_constraint_complex_left_branch,0.354,354,1000,main
RA-ALTA/pl-en-advanced,coordinate_structure_constraint_complex_left_branch,0.44,440,1000,main
RA-ALTA/tr-en-phase1-final,coordinate_structure_constraint_object_extraction,0.643,643,1000,main
RA-ALTA/pl-en-intermediate,coordinate_structure_constraint_complex_left_branch,0.351,351,1000,main
RA-ALTA/pl-en-fluent,coordinate_structure_constraint_object_extraction,0.793,793,1000,main
RA-ALTA/pl-en-beginner,determiner_noun_agreement_2,0.947,947,1000,main
RA-ALTA/tr-en-beginner,complex_NP_island,0.524,524,1000,main
RA-ALTA/tr-en-advanced,coordinate_structure_constraint_object_extraction,0.824,824,1000,main
RA-ALTA/tr-en-intermediate,coordinate_structure_constraint_object_extraction,0.836,836,1000,main
RA-ALTA/pl-en-advanced,coordinate_structure_constraint_object_extraction,0.835,835,1000,main
RA-ALTA/tr-en-phase1-final,determiner_noun_agreement_1,0.577,577,1000,main
RA-ALTA/pl-en-fluent,determiner_noun_agreement_1,0.944,944,1000,main
RA-ALTA/pl-en-intermediate,coordinate_structure_constraint_object_extraction,0.809,809,1000,main
RA-ALTA/tr-en-beginner,coordinate_structure_constraint_complex_left_branch,0.345,345,1000,main
RA-ALTA/pl-en-beginner,determiner_noun_agreement_irregular_1,0.812,812,1000,main
RA-ALTA/tr-en-advanced,determiner_noun_agreement_1,0.943,943,1000,main
RA-ALTA/tr-en-intermediate,determiner_noun_agreement_1,0.951,951,1000,main
RA-ALTA/pl-en-advanced,determiner_noun_agreement_1,0.944,944,1000,main
RA-ALTA/tr-en-phase1-final,determiner_noun_agreement_2,0.543,543,1000,main
RA-ALTA/pl-en-fluent,determiner_noun_agreement_2,0.919,919,1000,main
RA-ALTA/pl-en-intermediate,determiner_noun_agreement_1,0.943,943,1000,main
RA-ALTA/tr-en-beginner,coordinate_structure_constraint_object_extraction,0.824,824,1000,main
RA-ALTA/pl-en-beginner,determiner_noun_agreement_irregular_2,0.919,919,1000,main
RA-ALTA/tr-en-advanced,determiner_noun_agreement_2,0.922,922,1000,main
RA-ALTA/tr-en-intermediate,determiner_noun_agreement_2,0.944,944,1000,main
RA-ALTA/pl-en-advanced,determiner_noun_agreement_2,0.923,923,1000,main
RA-ALTA/tr-en-phase1-final,determiner_noun_agreement_irregular_1,0.525,525,1000,main
RA-ALTA/pl-en-fluent,determiner_noun_agreement_irregular_1,0.868,868,1000,main
RA-ALTA/pl-en-intermediate,determiner_noun_agreement_2,0.938,938,1000,main
RA-ALTA/tr-en-beginner,determiner_noun_agreement_1,0.938,938,1000,main
RA-ALTA/pl-en-beginner,determiner_noun_agreement_with_adj_2,0.89,890,1000,main
RA-ALTA/tr-en-advanced,determiner_noun_agreement_irregular_1,0.869,869,1000,main
RA-ALTA/tr-en-intermediate,determiner_noun_agreement_irregular_1,0.835,835,1000,main
RA-ALTA/pl-en-advanced,determiner_noun_agreement_irregular_1,0.861,861,1000,main
RA-ALTA/tr-en-phase1-final,determiner_noun_agreement_irregular_2,0.547,547,1000,main
RA-ALTA/pl-en-fluent,determiner_noun_agreement_irregular_2,0.901,901,1000,main
RA-ALTA/tr-en-beginner,determiner_noun_agreement_2,0.927,927,1000,main
RA-ALTA/pl-en-beginner,determiner_noun_agreement_with_adj_irregular_1,0.761,761,1000,main
RA-ALTA/pl-en-intermediate,determiner_noun_agreement_irregular_1,0.854,854,1000,main
RA-ALTA/tr-en-advanced,determiner_noun_agreement_irregular_2,0.876,876,1000,main
RA-ALTA/tr-en-intermediate,determiner_noun_agreement_irregular_2,0.886,886,1000,main
RA-ALTA/pl-en-advanced,determiner_noun_agreement_irregular_2,0.903,903,1000,main
RA-ALTA/tr-en-phase1-final,determiner_noun_agreement_with_adj_2,0.493,493,1000,main
RA-ALTA/pl-en-fluent,determiner_noun_agreement_with_adj_2,0.878,878,1000,main
RA-ALTA/tr-en-beginner,determiner_noun_agreement_irregular_1,0.812,812,1000,main
RA-ALTA/tr-en-advanced,determiner_noun_agreement_with_adj_2,0.852,852,1000,main
RA-ALTA/pl-en-beginner,determiner_noun_agreement_with_adj_irregular_2,0.857,857,1000,main
RA-ALTA/pl-en-intermediate,determiner_noun_agreement_irregular_2,0.912,912,1000,main
RA-ALTA/tr-en-intermediate,determiner_noun_agreement_with_adj_2,0.874,874,1000,main
RA-ALTA/pl-en-advanced,determiner_noun_agreement_with_adj_2,0.888,888,1000,main
RA-ALTA/tr-en-phase1-final,determiner_noun_agreement_with_adj_irregular_1,0.495,495,1000,main
RA-ALTA/pl-en-fluent,determiner_noun_agreement_with_adj_irregular_1,0.799,799,1000,main
RA-ALTA/tr-en-beginner,determiner_noun_agreement_irregular_2,0.828,828,1000,main
RA-ALTA/tr-en-advanced,determiner_noun_agreement_with_adj_irregular_1,0.824,824,1000,main
RA-ALTA/pl-en-beginner,determiner_noun_agreement_with_adjective_1,0.861,861,1000,main
RA-ALTA/pl-en-intermediate,determiner_noun_agreement_with_adj_2,0.896,896,1000,main
RA-ALTA/tr-en-intermediate,determiner_noun_agreement_with_adj_irregular_1,0.829,829,1000,main
RA-ALTA/pl-en-advanced,determiner_noun_agreement_with_adj_irregular_1,0.795,795,1000,main
RA-ALTA/tr-en-phase1-final,determiner_noun_agreement_with_adj_irregular_2,0.51,510,1000,main
RA-ALTA/pl-en-fluent,determiner_noun_agreement_with_adj_irregular_2,0.858,858,1000,main
RA-ALTA/tr-en-beginner,determiner_noun_agreement_with_adj_2,0.866,866,1000,main
RA-ALTA/tr-en-advanced,determiner_noun_agreement_with_adj_irregular_2,0.83,830,1000,main
RA-ALTA/pl-en-beginner,distractor_agreement_relational_noun,0.564,564,1000,main
RA-ALTA/tr-en-intermediate,determiner_noun_agreement_with_adj_irregular_2,0.832,832,1000,main
RA-ALTA/pl-en-intermediate,determiner_noun_agreement_with_adj_irregular_1,0.803,803,1000,main
RA-ALTA/pl-en-advanced,determiner_noun_agreement_with_adj_irregular_2,0.86,860,1000,main
RA-ALTA/tr-en-phase1-final,determiner_noun_agreement_with_adjective_1,0.517,517,1000,main
RA-ALTA/tr-en-beginner,determiner_noun_agreement_with_adj_irregular_1,0.748,748,1000,main
RA-ALTA/pl-en-fluent,determiner_noun_agreement_with_adjective_1,0.881,881,1000,main
RA-ALTA/tr-en-advanced,determiner_noun_agreement_with_adjective_1,0.886,886,1000,main
RA-ALTA/pl-en-beginner,distractor_agreement_relative_clause,0.427,427,1000,main
RA-ALTA/tr-en-intermediate,determiner_noun_agreement_with_adjective_1,0.888,888,1000,main
RA-ALTA/pl-en-intermediate,determiner_noun_agreement_with_adj_irregular_2,0.867,867,1000,main
RA-ALTA/pl-en-advanced,determiner_noun_agreement_with_adjective_1,0.884,884,1000,main
RA-ALTA/tr-en-phase1-final,distractor_agreement_relational_noun,0.427,427,1000,main
RA-ALTA/tr-en-beginner,determiner_noun_agreement_with_adj_irregular_2,0.799,799,1000,main
RA-ALTA/pl-en-fluent,distractor_agreement_relational_noun,0.665,665,1000,main
RA-ALTA/tr-en-advanced,distractor_agreement_relational_noun,0.572,572,1000,main
RA-ALTA/tr-en-intermediate,distractor_agreement_relational_noun,0.496,496,1000,main
RA-ALTA/pl-en-beginner,drop_argument,0.734,734,1000,main
RA-ALTA/pl-en-intermediate,determiner_noun_agreement_with_adjective_1,0.881,881,1000,main
RA-ALTA/pl-en-advanced,distractor_agreement_relational_noun,0.723,723,1000,main
RA-ALTA/tr-en-beginner,determiner_noun_agreement_with_adjective_1,0.882,882,1000,main
RA-ALTA/tr-en-phase1-final,distractor_agreement_relative_clause,0.45,450,1000,main
RA-ALTA/tr-en-advanced,distractor_agreement_relative_clause,0.365,365,1000,main
RA-ALTA/pl-en-fluent,distractor_agreement_relative_clause,0.516,516,1000,main
RA-ALTA/tr-en-intermediate,distractor_agreement_relative_clause,0.33,330,1000,main
RA-ALTA/pl-en-beginner,ellipsis_n_bar_1,0.682,682,1000,main
RA-ALTA/pl-en-intermediate,distractor_agreement_relational_noun,0.706,706,1000,main
RA-ALTA/pl-en-advanced,distractor_agreement_relative_clause,0.514,514,1000,main
RA-ALTA/tr-en-beginner,distractor_agreement_relational_noun,0.503,503,1000,main
RA-ALTA/tr-en-phase1-final,drop_argument,0.761,761,1000,main
RA-ALTA/tr-en-advanced,drop_argument,0.724,724,1000,main
RA-ALTA/pl-en-fluent,drop_argument,0.727,727,1000,main
RA-ALTA/tr-en-intermediate,drop_argument,0.704,704,1000,main
RA-ALTA/pl-en-beginner,ellipsis_n_bar_2,0.801,801,1000,main
RA-ALTA/pl-en-intermediate,distractor_agreement_relative_clause,0.494,494,1000,main
RA-ALTA/pl-en-advanced,drop_argument,0.733,733,1000,main
RA-ALTA/tr-en-beginner,distractor_agreement_relative_clause,0.307,307,1000,main
RA-ALTA/tr-en-advanced,ellipsis_n_bar_1,0.674,674,1000,main
RA-ALTA/tr-en-phase1-final,ellipsis_n_bar_1,0.167,167,1000,main
RA-ALTA/pl-en-fluent,ellipsis_n_bar_1,0.747,747,1000,main
RA-ALTA/tr-en-intermediate,ellipsis_n_bar_1,0.657,657,1000,main
RA-ALTA/pl-en-beginner,existential_there_object_raising,0.762,762,1000,main
RA-ALTA/pl-en-intermediate,drop_argument,0.728,728,1000,main
RA-ALTA/pl-en-advanced,ellipsis_n_bar_1,0.697,697,1000,main
RA-ALTA/tr-en-beginner,drop_argument,0.707,707,1000,main
RA-ALTA/tr-en-advanced,ellipsis_n_bar_2,0.816,816,1000,main
RA-ALTA/tr-en-phase1-final,ellipsis_n_bar_2,0.488,488,1000,main
RA-ALTA/pl-en-fluent,ellipsis_n_bar_2,0.831,831,1000,main
RA-ALTA/tr-en-intermediate,ellipsis_n_bar_2,0.799,799,1000,main
RA-ALTA/pl-en-beginner,existential_there_quantifiers_1,0.972,972,1000,main
RA-ALTA/pl-en-intermediate,ellipsis_n_bar_1,0.705,705,1000,main
RA-ALTA/pl-en-advanced,ellipsis_n_bar_2,0.829,829,1000,main
RA-ALTA/tr-en-beginner,ellipsis_n_bar_1,0.604,604,1000,main
RA-ALTA/tr-en-advanced,existential_there_object_raising,0.779,779,1000,main
RA-ALTA/tr-en-phase1-final,existential_there_object_raising,0.724,724,1000,main
RA-ALTA/pl-en-fluent,existential_there_object_raising,0.812,812,1000,main
RA-ALTA/tr-en-intermediate,existential_there_object_raising,0.805,805,1000,main
RA-ALTA/pl-en-beginner,existential_there_quantifiers_2,0.141,141,1000,main
RA-ALTA/pl-en-intermediate,ellipsis_n_bar_2,0.798,798,1000,main
RA-ALTA/pl-en-advanced,existential_there_object_raising,0.793,793,1000,main
RA-ALTA/tr-en-beginner,ellipsis_n_bar_2,0.789,789,1000,main
RA-ALTA/tr-en-advanced,existential_there_quantifiers_1,0.972,972,1000,main
RA-ALTA/tr-en-phase1-final,existential_there_quantifiers_1,0.788,788,1000,main
RA-ALTA/pl-en-fluent,existential_there_quantifiers_1,0.969,969,1000,main
RA-ALTA/tr-en-intermediate,existential_there_quantifiers_1,0.964,964,1000,main
RA-ALTA/pl-en-beginner,existential_there_subject_raising,0.818,818,1000,main
RA-ALTA/pl-en-intermediate,existential_there_object_raising,0.785,785,1000,main
RA-ALTA/pl-en-advanced,existential_there_quantifiers_1,0.972,972,1000,main
RA-ALTA/tr-en-beginner,existential_there_object_raising,0.752,752,1000,main
RA-ALTA/tr-en-advanced,existential_there_quantifiers_2,0.122,122,1000,main
RA-ALTA/pl-en-fluent,existential_there_quantifiers_2,0.244,244,1000,main
RA-ALTA/tr-en-phase1-final,existential_there_quantifiers_2,0.136,136,1000,main
RA-ALTA/tr-en-intermediate,existential_there_quantifiers_2,0.144,144,1000,main
RA-ALTA/pl-en-beginner,expletive_it_object_raising,0.695,695,1000,main
RA-ALTA/pl-en-intermediate,existential_there_quantifiers_1,0.977,977,1000,main
RA-ALTA/pl-en-advanced,existential_there_quantifiers_2,0.238,238,1000,main
RA-ALTA/tr-en-beginner,existential_there_quantifiers_1,0.967,967,1000,main
RA-ALTA/tr-en-advanced,existential_there_subject_raising,0.876,876,1000,main
RA-ALTA/pl-en-fluent,existential_there_subject_raising,0.802,802,1000,main
RA-ALTA/tr-en-phase1-final,existential_there_subject_raising,0.528,528,1000,main
RA-ALTA/tr-en-intermediate,existential_there_subject_raising,0.854,854,1000,main
RA-ALTA/pl-en-beginner,inchoative,0.542,542,1000,main
RA-ALTA/pl-en-intermediate,existential_there_quantifiers_2,0.214,214,1000,main
RA-ALTA/pl-en-advanced,existential_there_subject_raising,0.792,792,1000,main
RA-ALTA/tr-en-beginner,existential_there_quantifiers_2,0.222,222,1000,main
RA-ALTA/tr-en-advanced,expletive_it_object_raising,0.764,764,1000,main
RA-ALTA/pl-en-fluent,expletive_it_object_raising,0.741,741,1000,main
RA-ALTA/tr-en-phase1-final,expletive_it_object_raising,0.639,639,1000,main
RA-ALTA/tr-en-intermediate,expletive_it_object_raising,0.75,750,1000,main
RA-ALTA/pl-en-beginner,intransitive,0.654,654,1000,main
RA-ALTA/pl-en-intermediate,existential_there_subject_raising,0.803,803,1000,main
RA-ALTA/pl-en-advanced,expletive_it_object_raising,0.741,741,1000,main
RA-ALTA/tr-en-beginner,existential_there_subject_raising,0.847,847,1000,main
RA-ALTA/tr-en-advanced,inchoative,0.498,498,1000,main
RA-ALTA/pl-en-fluent,inchoative,0.527,527,1000,main
RA-ALTA/tr-en-phase1-final,inchoative,0.433,433,1000,main
RA-ALTA/tr-en-intermediate,inchoative,0.51,510,1000,main
RA-ALTA/pl-en-beginner,irregular_past_participle_adjectives,0.931,931,1000,main
RA-ALTA/pl-en-intermediate,expletive_it_object_raising,0.721,721,1000,main
RA-ALTA/pl-en-advanced,inchoative,0.539,539,1000,main
RA-ALTA/tr-en-beginner,expletive_it_object_raising,0.722,722,1000,main
RA-ALTA/tr-en-advanced,intransitive,0.669,669,1000,main
RA-ALTA/pl-en-fluent,intransitive,0.655,655,1000,main
RA-ALTA/tr-en-intermediate,intransitive,0.618,618,1000,main
RA-ALTA/tr-en-phase1-final,intransitive,0.614,614,1000,main
RA-ALTA/pl-en-beginner,irregular_past_participle_verbs,0.831,831,1000,main
RA-ALTA/pl-en-intermediate,inchoative,0.551,551,1000,main
RA-ALTA/pl-en-advanced,intransitive,0.645,645,1000,main
RA-ALTA/tr-en-beginner,inchoative,0.496,496,1000,main
RA-ALTA/tr-en-advanced,irregular_past_participle_adjectives,0.945,945,1000,main
RA-ALTA/pl-en-fluent,irregular_past_participle_adjectives,0.933,933,1000,main
RA-ALTA/tr-en-intermediate,irregular_past_participle_adjectives,0.989,989,1000,main
RA-ALTA/tr-en-phase1-final,irregular_past_participle_adjectives,0.829,829,1000,main
RA-ALTA/pl-en-beginner,irregular_plural_subject_verb_agreement_1,0.812,812,1000,main
RA-ALTA/pl-en-intermediate,intransitive,0.674,674,1000,main
RA-ALTA/tr-en-beginner,intransitive,0.588,588,1000,main
RA-ALTA/pl-en-advanced,irregular_past_participle_adjectives,0.959,959,1000,main
RA-ALTA/tr-en-advanced,irregular_past_participle_verbs,0.781,781,1000,main
RA-ALTA/tr-en-phase1-final,irregular_past_participle_verbs,0.521,521,1000,main
RA-ALTA/pl-en-fluent,irregular_past_participle_verbs,0.775,775,1000,main
RA-ALTA/tr-en-intermediate,irregular_past_participle_verbs,0.823,823,1000,main
RA-ALTA/pl-en-beginner,irregular_plural_subject_verb_agreement_2,0.864,864,1000,main
RA-ALTA/pl-en-intermediate,irregular_past_participle_adjectives,0.948,948,1000,main
RA-ALTA/tr-en-beginner,irregular_past_participle_adjectives,0.965,965,1000,main
RA-ALTA/pl-en-advanced,irregular_past_participle_verbs,0.841,841,1000,main
RA-ALTA/tr-en-advanced,irregular_plural_subject_verb_agreement_1,0.809,809,1000,main
RA-ALTA/tr-en-intermediate,irregular_plural_subject_verb_agreement_1,0.798,798,1000,main
RA-ALTA/pl-en-fluent,irregular_plural_subject_verb_agreement_1,0.795,795,1000,main
RA-ALTA/tr-en-phase1-final,irregular_plural_subject_verb_agreement_1,0.528,528,1000,main
RA-ALTA/pl-en-beginner,left_branch_island_echo_question,0.456,456,1000,main
RA-ALTA/tr-en-beginner,irregular_past_participle_verbs,0.786,786,1000,main
RA-ALTA/pl-en-intermediate,irregular_past_participle_verbs,0.865,865,1000,main
RA-ALTA/pl-en-advanced,irregular_plural_subject_verb_agreement_1,0.813,813,1000,main
RA-ALTA/tr-en-advanced,irregular_plural_subject_verb_agreement_2,0.74,740,1000,main
RA-ALTA/tr-en-intermediate,irregular_plural_subject_verb_agreement_2,0.744,744,1000,main
RA-ALTA/pl-en-fluent,irregular_plural_subject_verb_agreement_2,0.806,806,1000,main
RA-ALTA/tr-en-phase1-final,irregular_plural_subject_verb_agreement_2,0.529,529,1000,main
RA-ALTA/pl-en-beginner,left_branch_island_simple_question,0.295,295,1000,main
RA-ALTA/tr-en-beginner,irregular_plural_subject_verb_agreement_1,0.799,799,1000,main
RA-ALTA/tr-en-advanced,left_branch_island_echo_question,0.413,413,1000,main
RA-ALTA/pl-en-advanced,irregular_plural_subject_verb_agreement_2,0.83,830,1000,main
RA-ALTA/pl-en-intermediate,irregular_plural_subject_verb_agreement_1,0.847,847,1000,main
RA-ALTA/tr-en-intermediate,left_branch_island_echo_question,0.437,437,1000,main
RA-ALTA/pl-en-fluent,left_branch_island_echo_question,0.506,506,1000,main
RA-ALTA/tr-en-phase1-final,left_branch_island_echo_question,0.549,549,1000,main
RA-ALTA/pl-en-beginner,matrix_question_npi_licensor_present,0.026,26,1000,main
RA-ALTA/tr-en-beginner,irregular_plural_subject_verb_agreement_2,0.762,762,1000,main
RA-ALTA/tr-en-advanced,left_branch_island_simple_question,0.374,374,1000,main
RA-ALTA/pl-en-advanced,left_branch_island_echo_question,0.487,487,1000,main
RA-ALTA/pl-en-intermediate,irregular_plural_subject_verb_agreement_2,0.88,880,1000,main
RA-ALTA/tr-en-intermediate,left_branch_island_simple_question,0.368,368,1000,main
RA-ALTA/pl-en-fluent,left_branch_island_simple_question,0.384,384,1000,main
RA-ALTA/tr-en-phase1-final,left_branch_island_simple_question,0.162,162,1000,main
RA-ALTA/pl-en-beginner,npi_present_1,0.422,422,1000,main
RA-ALTA/tr-en-beginner,left_branch_island_echo_question,0.473,473,1000,main
RA-ALTA/tr-en-advanced,matrix_question_npi_licensor_present,0.121,121,1000,main
RA-ALTA/pl-en-advanced,left_branch_island_simple_question,0.485,485,1000,main
RA-ALTA/pl-en-intermediate,left_branch_island_echo_question,0.479,479,1000,main
RA-ALTA/tr-en-intermediate,matrix_question_npi_licensor_present,0.117,117,1000,main
RA-ALTA/pl-en-fluent,matrix_question_npi_licensor_present,0.058,58,1000,main
RA-ALTA/tr-en-phase1-final,matrix_question_npi_licensor_present,0.085,85,1000,main
RA-ALTA/pl-en-beginner,npi_present_2,0.509,509,1000,main
RA-ALTA/tr-en-beginner,left_branch_island_simple_question,0.322,322,1000,main
RA-ALTA/tr-en-advanced,npi_present_1,0.524,524,1000,main
RA-ALTA/pl-en-advanced,matrix_question_npi_licensor_present,0.081,81,1000,main
RA-ALTA/pl-en-intermediate,left_branch_island_simple_question,0.426,426,1000,main
RA-ALTA/tr-en-intermediate,npi_present_1,0.515,515,1000,main
RA-ALTA/pl-en-fluent,npi_present_1,0.453,453,1000,main
RA-ALTA/tr-en-phase1-final,npi_present_1,0.576,576,1000,main
RA-ALTA/pl-en-beginner,only_npi_licensor_present,0.253,253,1000,main
RA-ALTA/tr-en-beginner,matrix_question_npi_licensor_present,0.109,109,1000,main
RA-ALTA/tr-en-advanced,npi_present_2,0.573,573,1000,main
RA-ALTA/pl-en-advanced,npi_present_1,0.409,409,1000,main
RA-ALTA/pl-en-intermediate,matrix_question_npi_licensor_present,0.068,68,1000,main
RA-ALTA/tr-en-intermediate,npi_present_2,0.554,554,1000,main
RA-ALTA/pl-en-fluent,npi_present_2,0.517,517,1000,main
RA-ALTA/tr-en-phase1-final,npi_present_2,0.607,607,1000,main
RA-ALTA/tr-en-beginner,npi_present_1,0.517,517,1000,main
RA-ALTA/tr-en-advanced,only_npi_licensor_present,0.158,158,1000,main
RA-ALTA/pl-en-beginner,only_npi_scope,0.19,190,1000,main
RA-ALTA/pl-en-advanced,npi_present_2,0.509,509,1000,main
RA-ALTA/pl-en-intermediate,npi_present_1,0.469,469,1000,main
RA-ALTA/tr-en-intermediate,only_npi_licensor_present,0.32,320,1000,main
RA-ALTA/pl-en-fluent,only_npi_licensor_present,0.699,699,1000,main
RA-ALTA/tr-en-phase1-final,only_npi_licensor_present,0.511,511,1000,main
RA-ALTA/tr-en-beginner,npi_present_2,0.572,572,1000,main
RA-ALTA/tr-en-advanced,only_npi_scope,0.187,187,1000,main
RA-ALTA/pl-en-beginner,passive_1,0.864,864,1000,main
RA-ALTA/pl-en-advanced,only_npi_licensor_present,0.254,254,1000,main
RA-ALTA/pl-en-intermediate,npi_present_2,0.552,552,1000,main
RA-ALTA/tr-en-intermediate,only_npi_scope,0.335,335,1000,main
RA-ALTA/pl-en-fluent,only_npi_scope,0.163,163,1000,main
RA-ALTA/tr-en-phase1-final,only_npi_scope,0.392,392,1000,main
RA-ALTA/tr-en-beginner,only_npi_licensor_present,0.312,312,1000,main
RA-ALTA/tr-en-advanced,passive_1,0.868,868,1000,main
RA-ALTA/pl-en-beginner,passive_2,0.869,869,1000,main
RA-ALTA/pl-en-advanced,only_npi_scope,0.133,133,1000,main
RA-ALTA/tr-en-intermediate,passive_1,0.855,855,1000,main
RA-ALTA/pl-en-intermediate,only_npi_licensor_present,0.493,493,1000,main
RA-ALTA/pl-en-fluent,passive_1,0.879,879,1000,main
RA-ALTA/tr-en-phase1-final,passive_1,0.728,728,1000,main
RA-ALTA/tr-en-beginner,only_npi_scope,0.261,261,1000,main
RA-ALTA/tr-en-advanced,passive_2,0.847,847,1000,main
RA-ALTA/pl-en-beginner,principle_A_c_command,0.653,653,1000,main
RA-ALTA/pl-en-advanced,passive_1,0.877,877,1000,main
RA-ALTA/tr-en-intermediate,passive_2,0.842,842,1000,main
RA-ALTA/pl-en-intermediate,only_npi_scope,0.202,202,1000,main
RA-ALTA/pl-en-fluent,passive_2,0.887,887,1000,main
RA-ALTA/tr-en-phase1-final,passive_2,0.699,699,1000,main
RA-ALTA/tr-en-advanced,principle_A_c_command,0.511,511,1000,main
RA-ALTA/tr-en-beginner,passive_1,0.863,863,1000,main
RA-ALTA/pl-en-beginner,principle_A_case_1,1.0,1000,1000,main
RA-ALTA/pl-en-advanced,passive_2,0.888,888,1000,main
RA-ALTA/tr-en-intermediate,principle_A_c_command,0.594,594,1000,main
RA-ALTA/pl-en-intermediate,passive_1,0.854,854,1000,main
RA-ALTA/pl-en-fluent,principle_A_c_command,0.591,591,1000,main
RA-ALTA/tr-en-phase1-final,principle_A_c_command,0.715,715,1000,main
RA-ALTA/tr-en-beginner,passive_2,0.849,849,1000,main
RA-ALTA/tr-en-advanced,principle_A_case_1,0.998,998,1000,main
RA-ALTA/pl-en-beginner,principle_A_case_2,0.83,830,1000,main
RA-ALTA/tr-en-intermediate,principle_A_case_1,0.999,999,1000,main
RA-ALTA/pl-en-advanced,principle_A_c_command,0.616,616,1000,main
RA-ALTA/pl-en-fluent,principle_A_case_1,0.999,999,1000,main
RA-ALTA/pl-en-intermediate,passive_2,0.881,881,1000,main
RA-ALTA/tr-en-phase1-final,principle_A_case_1,0.998,998,1000,main
RA-ALTA/tr-en-beginner,principle_A_c_command,0.62,620,1000,main
RA-ALTA/tr-en-advanced,principle_A_case_2,0.886,886,1000,main
RA-ALTA/pl-en-beginner,principle_A_domain_1,0.906,906,1000,main
RA-ALTA/tr-en-intermediate,principle_A_case_2,0.825,825,1000,main
RA-ALTA/pl-en-advanced,principle_A_case_1,0.999,999,1000,main
RA-ALTA/pl-en-fluent,principle_A_case_2,0.919,919,1000,main
RA-ALTA/pl-en-intermediate,principle_A_c_command,0.665,665,1000,main
RA-ALTA/tr-en-phase1-final,principle_A_case_2,0.503,503,1000,main
RA-ALTA/tr-en-beginner,principle_A_case_1,1.0,1000,1000,main
RA-ALTA/tr-en-advanced,principle_A_domain_1,0.922,922,1000,main
RA-ALTA/pl-en-beginner,principle_A_domain_2,0.702,702,1000,main
RA-ALTA/tr-en-intermediate,principle_A_domain_1,0.962,962,1000,main
RA-ALTA/pl-en-advanced,principle_A_case_2,0.857,857,1000,main
RA-ALTA/pl-en-fluent,principle_A_domain_1,0.945,945,1000,main
RA-ALTA/pl-en-intermediate,principle_A_case_1,0.999,999,1000,main
RA-ALTA/tr-en-phase1-final,principle_A_domain_1,0.851,851,1000,main
RA-ALTA/tr-en-beginner,principle_A_case_2,0.724,724,1000,main
RA-ALTA/tr-en-advanced,principle_A_domain_2,0.714,714,1000,main
RA-ALTA/pl-en-beginner,principle_A_domain_3,0.54,540,1000,main
RA-ALTA/tr-en-intermediate,principle_A_domain_2,0.699,699,1000,main
RA-ALTA/pl-en-advanced,principle_A_domain_1,0.903,903,1000,main
RA-ALTA/pl-en-fluent,principle_A_domain_2,0.765,765,1000,main
RA-ALTA/pl-en-intermediate,principle_A_case_2,0.886,886,1000,main
RA-ALTA/tr-en-phase1-final,principle_A_domain_2,0.561,561,1000,main
RA-ALTA/tr-en-beginner,principle_A_domain_1,0.934,934,1000,main
RA-ALTA/tr-en-advanced,principle_A_domain_3,0.53,530,1000,main
RA-ALTA/pl-en-beginner,principle_A_reconstruction,0.431,431,1000,main
RA-ALTA/tr-en-intermediate,principle_A_domain_3,0.484,484,1000,main
RA-ALTA/pl-en-advanced,principle_A_domain_2,0.741,741,1000,main
RA-ALTA/pl-en-fluent,principle_A_domain_3,0.545,545,1000,main
RA-ALTA/pl-en-intermediate,principle_A_domain_1,0.929,929,1000,main
RA-ALTA/tr-en-phase1-final,principle_A_domain_3,0.486,486,1000,main
RA-ALTA/tr-en-beginner,principle_A_domain_2,0.667,667,1000,main
RA-ALTA/tr-en-advanced,principle_A_reconstruction,0.422,422,1000,main
RA-ALTA/pl-en-beginner,regular_plural_subject_verb_agreement_1,0.823,823,1000,main
RA-ALTA/tr-en-intermediate,principle_A_reconstruction,0.461,461,1000,main
RA-ALTA/pl-en-advanced,principle_A_domain_3,0.596,596,1000,main
RA-ALTA/pl-en-fluent,principle_A_reconstruction,0.301,301,1000,main
RA-ALTA/pl-en-intermediate,principle_A_domain_2,0.676,676,1000,main
RA-ALTA/tr-en-phase1-final,principle_A_reconstruction,0.131,131,1000,main
RA-ALTA/tr-en-beginner,principle_A_domain_3,0.503,503,1000,main
RA-ALTA/tr-en-advanced,regular_plural_subject_verb_agreement_1,0.796,796,1000,main
RA-ALTA/tr-en-intermediate,regular_plural_subject_verb_agreement_1,0.812,812,1000,main
RA-ALTA/pl-en-beginner,regular_plural_subject_verb_agreement_2,0.813,813,1000,main
RA-ALTA/pl-en-advanced,principle_A_reconstruction,0.352,352,1000,main
RA-ALTA/pl-en-fluent,regular_plural_subject_verb_agreement_1,0.814,814,1000,main
RA-ALTA/tr-en-phase1-final,regular_plural_subject_verb_agreement_1,0.528,528,1000,main
RA-ALTA/pl-en-intermediate,principle_A_domain_3,0.552,552,1000,main
RA-ALTA/tr-en-beginner,principle_A_reconstruction,0.471,471,1000,main
RA-ALTA/tr-en-advanced,regular_plural_subject_verb_agreement_2,0.75,750,1000,main
RA-ALTA/tr-en-intermediate,regular_plural_subject_verb_agreement_2,0.753,753,1000,main
RA-ALTA/pl-en-beginner,sentential_negation_npi_licensor_present,0.998,998,1000,main
RA-ALTA/pl-en-advanced,regular_plural_subject_verb_agreement_1,0.812,812,1000,main
RA-ALTA/pl-en-fluent,regular_plural_subject_verb_agreement_2,0.79,790,1000,main
RA-ALTA/tr-en-phase1-final,regular_plural_subject_verb_agreement_2,0.549,549,1000,main
RA-ALTA/pl-en-intermediate,principle_A_reconstruction,0.466,466,1000,main
RA-ALTA/tr-en-beginner,regular_plural_subject_verb_agreement_1,0.826,826,1000,main
RA-ALTA/tr-en-advanced,sentential_negation_npi_licensor_present,0.989,989,1000,main
RA-ALTA/tr-en-intermediate,sentential_negation_npi_licensor_present,0.993,993,1000,main
RA-ALTA/pl-en-beginner,sentential_negation_npi_scope,0.306,306,1000,main
RA-ALTA/pl-en-advanced,regular_plural_subject_verb_agreement_2,0.799,799,1000,main
RA-ALTA/pl-en-fluent,sentential_negation_npi_licensor_present,1.0,1000,1000,main
RA-ALTA/tr-en-phase1-final,sentential_negation_npi_licensor_present,0.97,970,1000,main
RA-ALTA/pl-en-intermediate,regular_plural_subject_verb_agreement_1,0.842,842,1000,main
RA-ALTA/tr-en-beginner,regular_plural_subject_verb_agreement_2,0.753,753,1000,main
RA-ALTA/tr-en-advanced,sentential_negation_npi_scope,0.291,291,1000,main
RA-ALTA/tr-en-intermediate,sentential_negation_npi_scope,0.272,272,1000,main
RA-ALTA/pl-en-beginner,sentential_subject_island,0.332,332,1000,main
RA-ALTA/pl-en-fluent,sentential_negation_npi_scope,0.383,383,1000,main
RA-ALTA/pl-en-advanced,sentential_negation_npi_licensor_present,0.999,999,1000,main
RA-ALTA/tr-en-phase1-final,sentential_negation_npi_scope,0.494,494,1000,main
RA-ALTA/pl-en-intermediate,regular_plural_subject_verb_agreement_2,0.861,861,1000,main
RA-ALTA/tr-en-beginner,sentential_negation_npi_licensor_present,0.996,996,1000,main
RA-ALTA/tr-en-advanced,sentential_subject_island,0.254,254,1000,main
RA-ALTA/tr-en-intermediate,sentential_subject_island,0.301,301,1000,main
RA-ALTA/pl-en-fluent,sentential_subject_island,0.354,354,1000,main
RA-ALTA/pl-en-beginner,superlative_quantifiers_1,0.646,646,1000,main
RA-ALTA/pl-en-advanced,sentential_negation_npi_scope,0.324,324,1000,main
RA-ALTA/tr-en-phase1-final,sentential_subject_island,0.344,344,1000,main
RA-ALTA/pl-en-intermediate,sentential_negation_npi_licensor_present,0.997,997,1000,main
RA-ALTA/tr-en-beginner,sentential_negation_npi_scope,0.293,293,1000,main
RA-ALTA/tr-en-advanced,superlative_quantifiers_1,0.508,508,1000,main
RA-ALTA/tr-en-intermediate,superlative_quantifiers_1,0.612,612,1000,main
RA-ALTA/pl-en-fluent,superlative_quantifiers_1,0.561,561,1000,main
RA-ALTA/pl-en-beginner,superlative_quantifiers_2,0.905,905,1000,main
RA-ALTA/pl-en-advanced,sentential_subject_island,0.376,376,1000,main
RA-ALTA/tr-en-phase1-final,superlative_quantifiers_1,0.476,476,1000,main
RA-ALTA/pl-en-intermediate,sentential_negation_npi_scope,0.32,320,1000,main
RA-ALTA/tr-en-beginner,sentential_subject_island,0.38,380,1000,main
RA-ALTA/tr-en-advanced,superlative_quantifiers_2,0.848,848,1000,main
RA-ALTA/tr-en-intermediate,superlative_quantifiers_2,0.944,944,1000,main
RA-ALTA/pl-en-fluent,superlative_quantifiers_2,0.799,799,1000,main
RA-ALTA/pl-en-beginner,tough_vs_raising_1,0.359,359,1000,main
RA-ALTA/pl-en-advanced,superlative_quantifiers_1,0.562,562,1000,main
RA-ALTA/tr-en-phase1-final,superlative_quantifiers_2,0.59,590,1000,main
RA-ALTA/pl-en-intermediate,sentential_subject_island,0.409,409,1000,main
RA-ALTA/tr-en-beginner,superlative_quantifiers_1,0.62,620,1000,main
RA-ALTA/tr-en-advanced,tough_vs_raising_1,0.314,314,1000,main
RA-ALTA/tr-en-intermediate,tough_vs_raising_1,0.258,258,1000,main
RA-ALTA/pl-en-fluent,tough_vs_raising_1,0.42,420,1000,main
RA-ALTA/pl-en-beginner,tough_vs_raising_2,0.84,840,1000,main
RA-ALTA/pl-en-advanced,superlative_quantifiers_2,0.867,867,1000,main
RA-ALTA/tr-en-phase1-final,tough_vs_raising_1,0.465,465,1000,main
RA-ALTA/tr-en-beginner,superlative_quantifiers_2,0.798,798,1000,main
RA-ALTA/pl-en-intermediate,superlative_quantifiers_1,0.6,600,1000,main
RA-ALTA/tr-en-advanced,tough_vs_raising_2,0.876,876,1000,main
RA-ALTA/tr-en-intermediate,tough_vs_raising_2,0.901,901,1000,main
RA-ALTA/pl-en-fluent,tough_vs_raising_2,0.866,866,1000,main
RA-ALTA/pl-en-beginner,transitive,0.782,782,1000,main
RA-ALTA/pl-en-advanced,tough_vs_raising_1,0.415,415,1000,main
RA-ALTA/tr-en-beginner,tough_vs_raising_1,0.27,270,1000,main
RA-ALTA/tr-en-phase1-final,tough_vs_raising_2,0.626,626,1000,main
RA-ALTA/tr-en-advanced,transitive,0.773,773,1000,main
RA-ALTA/pl-en-intermediate,superlative_quantifiers_2,0.836,836,1000,main
RA-ALTA/tr-en-intermediate,transitive,0.779,779,1000,main
RA-ALTA/pl-en-fluent,transitive,0.808,808,1000,main
RA-ALTA/pl-en-beginner,wh_island,0.557,557,1000,main
RA-ALTA/pl-en-advanced,tough_vs_raising_2,0.855,855,1000,main
RA-ALTA/tr-en-beginner,tough_vs_raising_2,0.85,850,1000,main
RA-ALTA/tr-en-phase1-final,transitive,0.63,630,1000,main
RA-ALTA/tr-en-advanced,wh_island,0.405,405,1000,main
RA-ALTA/pl-en-intermediate,tough_vs_raising_1,0.433,433,1000,main
RA-ALTA/tr-en-intermediate,wh_island,0.358,358,1000,main
RA-ALTA/pl-en-fluent,wh_island,0.671,671,1000,main
RA-ALTA/pl-en-advanced,transitive,0.806,806,1000,main
RA-ALTA/pl-en-beginner,wh_questions_object_gap,0.521,521,1000,main
RA-ALTA/tr-en-beginner,transitive,0.751,751,1000,main
RA-ALTA/tr-en-advanced,wh_questions_object_gap,0.655,655,1000,main
RA-ALTA/tr-en-phase1-final,wh_island,0.231,231,1000,main
RA-ALTA/pl-en-intermediate,tough_vs_raising_2,0.869,869,1000,main
RA-ALTA/tr-en-intermediate,wh_questions_object_gap,0.672,672,1000,main
RA-ALTA/pl-en-fluent,wh_questions_object_gap,0.662,662,1000,main
RA-ALTA/pl-en-advanced,wh_island,0.603,603,1000,main
RA-ALTA/pl-en-beginner,wh_questions_subject_gap,0.832,832,1000,main
RA-ALTA/tr-en-beginner,wh_island,0.392,392,1000,main
RA-ALTA/tr-en-advanced,wh_questions_subject_gap,0.866,866,1000,main
RA-ALTA/tr-en-phase1-final,wh_questions_object_gap,0.633,633,1000,main
RA-ALTA/pl-en-intermediate,transitive,0.805,805,1000,main
RA-ALTA/tr-en-intermediate,wh_questions_subject_gap,0.849,849,1000,main
RA-ALTA/pl-en-fluent,wh_questions_subject_gap,0.901,901,1000,main
RA-ALTA/pl-en-advanced,wh_questions_object_gap,0.605,605,1000,main
RA-ALTA/pl-en-beginner,wh_questions_subject_gap_long_distance,0.882,882,1000,main
RA-ALTA/tr-en-beginner,wh_questions_object_gap,0.641,641,1000,main
RA-ALTA/tr-en-advanced,wh_questions_subject_gap_long_distance,0.906,906,1000,main
RA-ALTA/tr-en-phase1-final,wh_questions_subject_gap,0.981,981,1000,main
RA-ALTA/pl-en-intermediate,wh_island,0.664,664,1000,main
RA-ALTA/tr-en-intermediate,wh_questions_subject_gap_long_distance,0.915,915,1000,main
RA-ALTA/pl-en-fluent,wh_questions_subject_gap_long_distance,0.896,896,1000,main
RA-ALTA/pl-en-advanced,wh_questions_subject_gap,0.866,866,1000,main
RA-ALTA/pl-en-beginner,wh_vs_that_no_gap,0.936,936,1000,main
RA-ALTA/tr-en-beginner,wh_questions_subject_gap,0.851,851,1000,main
RA-ALTA/tr-en-advanced,wh_vs_that_no_gap,0.964,964,1000,main
RA-ALTA/tr-en-phase1-final,wh_questions_subject_gap_long_distance,0.898,898,1000,main
RA-ALTA/pl-en-intermediate,wh_questions_object_gap,0.684,684,1000,main
RA-ALTA/tr-en-intermediate,wh_vs_that_no_gap,0.957,957,1000,main
RA-ALTA/pl-en-fluent,wh_vs_that_no_gap,0.962,962,1000,main
RA-ALTA/pl-en-beginner,wh_vs_that_no_gap_long_distance,0.962,962,1000,main
RA-ALTA/pl-en-advanced,wh_questions_subject_gap_long_distance,0.876,876,1000,main
RA-ALTA/tr-en-beginner,wh_questions_subject_gap_long_distance,0.936,936,1000,main
RA-ALTA/tr-en-advanced,wh_vs_that_no_gap_long_distance,0.983,983,1000,main
RA-ALTA/tr-en-phase1-final,wh_vs_that_no_gap,0.952,952,1000,main
RA-ALTA/pl-en-intermediate,wh_questions_subject_gap,0.897,897,1000,main
RA-ALTA/tr-en-intermediate,wh_vs_that_no_gap_long_distance,0.976,976,1000,main
RA-ALTA/pl-en-fluent,wh_vs_that_no_gap_long_distance,0.962,962,1000,main
RA-ALTA/tr-en-beginner,wh_vs_that_no_gap,0.966,966,1000,main
RA-ALTA/pl-en-beginner,wh_vs_that_with_gap,0.309,309,1000,main
RA-ALTA/pl-en-advanced,wh_vs_that_no_gap,0.95,950,1000,main
RA-ALTA/tr-en-advanced,wh_vs_that_with_gap,0.36,360,1000,main
RA-ALTA/tr-en-phase1-final,wh_vs_that_no_gap_long_distance,0.949,949,1000,main
RA-ALTA/pl-en-intermediate,wh_questions_subject_gap_long_distance,0.92,920,1000,main
RA-ALTA/tr-en-intermediate,wh_vs_that_with_gap,0.35,350,1000,main
RA-ALTA/pl-en-fluent,wh_vs_that_with_gap,0.342,342,1000,main
RA-ALTA/pl-en-beginner,wh_vs_that_with_gap_long_distance,0.175,175,1000,main
RA-ALTA/tr-en-beginner,wh_vs_that_no_gap_long_distance,0.969,969,1000,main
RA-ALTA/pl-en-advanced,wh_vs_that_no_gap_long_distance,0.955,955,1000,main
RA-ALTA/tr-en-advanced,wh_vs_that_with_gap_long_distance,0.167,167,1000,main
RA-ALTA/tr-en-phase1-final,wh_vs_that_with_gap,0.072,72,1000,main
RA-ALTA/pl-en-intermediate,wh_vs_that_no_gap,0.969,969,1000,main
RA-ALTA/tr-en-intermediate,wh_vs_that_with_gap_long_distance,0.187,187,1000,main
RA-ALTA/pl-en-fluent,wh_vs_that_with_gap_long_distance,0.184,184,1000,main
RA-ALTA/tr-en-beginner,wh_vs_that_with_gap,0.27,270,1000,main
RA-ALTA/pl-en-advanced,wh_vs_that_with_gap,0.335,335,1000,main
RA-ALTA/tr-en-phase1-final,wh_vs_that_with_gap_long_distance,0.079,79,1000,main
RA-ALTA/pl-en-intermediate,wh_vs_that_no_gap_long_distance,0.975,975,1000,main
RA-ALTA/tr-en-beginner,wh_vs_that_with_gap_long_distance,0.143,143,1000,main
RA-ALTA/pl-en-advanced,wh_vs_that_with_gap_long_distance,0.183,183,1000,main
RA-ALTA/pl-en-intermediate,wh_vs_that_with_gap,0.319,319,1000,main
RA-ALTA/pl-en-intermediate,wh_vs_that_with_gap_long_distance,0.162,162,1000,main
RA-ALTA/zh-en-phase1-final,adjunct_island,0.575,575,1000,main
RA-ALTA/zh-en-phase1-final,anaphor_gender_agreement,0.333,333,1000,main
RA-ALTA/ar-en-advanced,adjunct_island,0.705,705,1000,main
RA-ALTA/zh-en-phase1-final,anaphor_number_agreement,0.393,393,1000,main
RA-ALTA/zh-en-beginner,adjunct_island,0.681,681,1000,main
RA-ALTA/ar-en-beginner,adjunct_island,0.654,654,1000,main
RA-ALTA/ar-en-fluent,adjunct_island,0.76,760,1000,main
RA-ALTA/ar-en-advanced,anaphor_gender_agreement,0.677,677,1000,main
RA-ALTA/ar-en-phase1-final,adjunct_island,0.616,616,1000,main
RA-ALTA/zh-en-phase1-final,animate_subject_passive,0.606,606,1000,main
RA-ALTA/zh-en-beginner,anaphor_gender_agreement,0.479,479,1000,main
RA-ALTA/ar-en-beginner,anaphor_gender_agreement,0.47,470,1000,main
RA-ALTA/ar-en-intermediate,adjunct_island,0.684,684,1000,main
RA-ALTA/ar-en-fluent,anaphor_gender_agreement,0.729,729,1000,main
RA-ALTA/ar-en-advanced,anaphor_number_agreement,0.935,935,1000,main
RA-ALTA/ar-en-phase1-final,anaphor_gender_agreement,0.243,243,1000,main
RA-ALTA/zh-en-phase1-final,animate_subject_trans,0.77,770,1000,main
RA-ALTA/zh-en-beginner,anaphor_number_agreement,0.761,761,1000,main
RA-ALTA/ar-en-beginner,anaphor_number_agreement,0.855,855,1000,main
RA-ALTA/ar-en-intermediate,anaphor_gender_agreement,0.663,663,1000,main
RA-ALTA/ar-en-fluent,anaphor_number_agreement,0.957,957,1000,main
RA-ALTA/ar-en-advanced,animate_subject_passive,0.744,744,1000,main
RA-ALTA/ar-en-phase1-final,anaphor_number_agreement,0.466,466,1000,main
RA-ALTA/tr-en-fluent,adjunct_island,0.803,803,1000,main
RA-ALTA/zh-en-phase1-final,causative,0.488,488,1000,main
RA-ALTA/zh-en-beginner,animate_subject_passive,0.695,695,1000,main
RA-ALTA/ar-en-beginner,animate_subject_passive,0.701,701,1000,main
RA-ALTA/ar-en-intermediate,anaphor_number_agreement,0.943,943,1000,main
RA-ALTA/ar-en-fluent,animate_subject_passive,0.74,740,1000,main
RA-ALTA/ar-en-advanced,animate_subject_trans,0.856,856,1000,main
RA-ALTA/ar-en-phase1-final,animate_subject_passive,0.601,601,1000,main
RA-ALTA/tr-en-fluent,anaphor_gender_agreement,0.664,664,1000,main
RA-ALTA/zh-en-phase1-final,complex_NP_island,0.513,513,1000,main
RA-ALTA/zh-en-beginner,animate_subject_trans,0.844,844,1000,main
RA-ALTA/ar-en-intermediate,animate_subject_passive,0.735,735,1000,main
RA-ALTA/ar-en-beginner,animate_subject_trans,0.847,847,1000,main
RA-ALTA/ar-en-fluent,animate_subject_trans,0.865,865,1000,main
RA-ALTA/ar-en-advanced,causative,0.638,638,1000,main
RA-ALTA/ar-en-phase1-final,animate_subject_trans,0.791,791,1000,main
RA-ALTA/tr-en-fluent,anaphor_number_agreement,0.926,926,1000,main
RA-ALTA/zh-en-beginner,causative,0.638,638,1000,main
RA-ALTA/zh-en-phase1-final,coordinate_structure_constraint_complex_left_branch,0.603,603,1000,main
RA-ALTA/ar-en-intermediate,animate_subject_trans,0.833,833,1000,main
RA-ALTA/ar-en-beginner,causative,0.599,599,1000,main
RA-ALTA/ar-en-fluent,causative,0.672,672,1000,main
RA-ALTA/ar-en-advanced,complex_NP_island,0.495,495,1000,main
RA-ALTA/ar-en-phase1-final,causative,0.487,487,1000,main
RA-ALTA/zh-en-beginner,complex_NP_island,0.413,413,1000,main
RA-ALTA/tr-en-fluent,animate_subject_passive,0.739,739,1000,main
RA-ALTA/zh-en-phase1-final,coordinate_structure_constraint_object_extraction,0.509,509,1000,main
RA-ALTA/ar-en-intermediate,causative,0.63,630,1000,main
RA-ALTA/ar-en-beginner,complex_NP_island,0.557,557,1000,main
RA-ALTA/ar-en-fluent,complex_NP_island,0.543,543,1000,main
RA-ALTA/ar-en-advanced,coordinate_structure_constraint_complex_left_branch,0.304,304,1000,main
RA-ALTA/ar-en-phase1-final,complex_NP_island,0.505,505,1000,main
RA-ALTA/zh-en-beginner,coordinate_structure_constraint_complex_left_branch,0.23,230,1000,main
RA-ALTA/zh-en-phase1-final,determiner_noun_agreement_1,0.605,605,1000,main
RA-ALTA/tr-en-fluent,animate_subject_trans,0.804,804,1000,main
RA-ALTA/ar-en-intermediate,complex_NP_island,0.546,546,1000,main
RA-ALTA/ar-en-beginner,coordinate_structure_constraint_complex_left_branch,0.153,153,1000,main
RA-ALTA/ar-en-fluent,coordinate_structure_constraint_complex_left_branch,0.259,259,1000,main
RA-ALTA/ar-en-advanced,coordinate_structure_constraint_object_extraction,0.79,790,1000,main
RA-ALTA/zh-en-beginner,coordinate_structure_constraint_object_extraction,0.817,817,1000,main
RA-ALTA/zh-en-phase1-final,determiner_noun_agreement_2,0.523,523,1000,main
RA-ALTA/ar-en-phase1-final,coordinate_structure_constraint_complex_left_branch,0.211,211,1000,main
RA-ALTA/tr-en-fluent,causative,0.66,660,1000,main
RA-ALTA/ar-en-intermediate,coordinate_structure_constraint_complex_left_branch,0.246,246,1000,main
RA-ALTA/ar-en-beginner,coordinate_structure_constraint_object_extraction,0.73,730,1000,main
RA-ALTA/ar-en-fluent,coordinate_structure_constraint_object_extraction,0.786,786,1000,main
RA-ALTA/ar-en-advanced,determiner_noun_agreement_1,0.962,962,1000,main
RA-ALTA/zh-en-beginner,determiner_noun_agreement_1,0.94,940,1000,main
RA-ALTA/zh-en-phase1-final,determiner_noun_agreement_irregular_1,0.502,502,1000,main
RA-ALTA/ar-en-phase1-final,coordinate_structure_constraint_object_extraction,0.558,558,1000,main
RA-ALTA/tr-en-fluent,complex_NP_island,0.602,602,1000,main
RA-ALTA/ar-en-intermediate,coordinate_structure_constraint_object_extraction,0.714,714,1000,main
RA-ALTA/ar-en-beginner,determiner_noun_agreement_1,0.938,938,1000,main
RA-ALTA/ar-en-fluent,determiner_noun_agreement_1,0.976,976,1000,main
RA-ALTA/ar-en-advanced,determiner_noun_agreement_2,0.959,959,1000,main
RA-ALTA/zh-en-beginner,determiner_noun_agreement_2,0.925,925,1000,main
RA-ALTA/zh-en-phase1-final,determiner_noun_agreement_irregular_2,0.558,558,1000,main
RA-ALTA/ar-en-phase1-final,determiner_noun_agreement_1,0.635,635,1000,main
RA-ALTA/tr-en-fluent,coordinate_structure_constraint_complex_left_branch,0.429,429,1000,main
RA-ALTA/ar-en-intermediate,determiner_noun_agreement_1,0.948,948,1000,main
RA-ALTA/ar-en-beginner,determiner_noun_agreement_2,0.953,953,1000,main
RA-ALTA/ar-en-fluent,determiner_noun_agreement_2,0.972,972,1000,main
RA-ALTA/ar-en-advanced,determiner_noun_agreement_irregular_1,0.881,881,1000,main
RA-ALTA/zh-en-beginner,determiner_noun_agreement_irregular_1,0.805,805,1000,main
RA-ALTA/zh-en-phase1-final,determiner_noun_agreement_with_adj_2,0.535,535,1000,main
RA-ALTA/ar-en-phase1-final,determiner_noun_agreement_2,0.564,564,1000,main
RA-ALTA/tr-en-fluent,coordinate_structure_constraint_object_extraction,0.794,794,1000,main
RA-ALTA/ar-en-intermediate,determiner_noun_agreement_2,0.959,959,1000,main
RA-ALTA/ar-en-fluent,determiner_noun_agreement_irregular_1,0.902,902,1000,main
RA-ALTA/ar-en-beginner,determiner_noun_agreement_irregular_1,0.816,816,1000,main
RA-ALTA/ar-en-advanced,determiner_noun_agreement_irregular_2,0.937,937,1000,main
RA-ALTA/zh-en-beginner,determiner_noun_agreement_irregular_2,0.836,836,1000,main
RA-ALTA/zh-en-phase1-final,determiner_noun_agreement_with_adj_irregular_1,0.495,495,1000,main
RA-ALTA/ar-en-phase1-final,determiner_noun_agreement_irregular_1,0.57,570,1000,main
RA-ALTA/ar-en-intermediate,determiner_noun_agreement_irregular_1,0.844,844,1000,main
RA-ALTA/tr-en-fluent,determiner_noun_agreement_1,0.957,957,1000,main
RA-ALTA/ar-en-fluent,determiner_noun_agreement_irregular_2,0.949,949,1000,main
RA-ALTA/ar-en-beginner,determiner_noun_agreement_irregular_2,0.9,900,1000,main
RA-ALTA/ar-en-advanced,determiner_noun_agreement_with_adj_2,0.917,917,1000,main
RA-ALTA/zh-en-beginner,determiner_noun_agreement_with_adj_2,0.868,868,1000,main
RA-ALTA/zh-en-phase1-final,determiner_noun_agreement_with_adj_irregular_2,0.504,504,1000,main
RA-ALTA/ar-en-phase1-final,determiner_noun_agreement_irregular_2,0.585,585,1000,main
RA-ALTA/ar-en-intermediate,determiner_noun_agreement_irregular_2,0.937,937,1000,main
RA-ALTA/tr-en-fluent,determiner_noun_agreement_2,0.926,926,1000,main
RA-ALTA/ar-en-fluent,determiner_noun_agreement_with_adj_2,0.936,936,1000,main
RA-ALTA/ar-en-beginner,determiner_noun_agreement_with_adj_2,0.905,905,1000,main
RA-ALTA/ar-en-advanced,determiner_noun_agreement_with_adj_irregular_1,0.864,864,1000,main
RA-ALTA/zh-en-beginner,determiner_noun_agreement_with_adj_irregular_1,0.723,723,1000,main
RA-ALTA/zh-en-phase1-final,determiner_noun_agreement_with_adjective_1,0.538,538,1000,main
RA-ALTA/ar-en-phase1-final,determiner_noun_agreement_with_adj_2,0.508,508,1000,main
RA-ALTA/ar-en-intermediate,determiner_noun_agreement_with_adj_2,0.917,917,1000,main
RA-ALTA/ar-en-fluent,determiner_noun_agreement_with_adj_irregular_1,0.89,890,1000,main
RA-ALTA/tr-en-fluent,determiner_noun_agreement_irregular_1,0.865,865,1000,main
RA-ALTA/ar-en-beginner,determiner_noun_agreement_with_adj_irregular_1,0.776,776,1000,main
RA-ALTA/ar-en-advanced,determiner_noun_agreement_with_adj_irregular_2,0.897,897,1000,main
RA-ALTA/zh-en-beginner,determiner_noun_agreement_with_adj_irregular_2,0.821,821,1000,main
RA-ALTA/zh-en-phase1-final,distractor_agreement_relational_noun,0.418,418,1000,main
RA-ALTA/ar-en-phase1-final,determiner_noun_agreement_with_adj_irregular_1,0.527,527,1000,main
RA-ALTA/ar-en-intermediate,determiner_noun_agreement_with_adj_irregular_1,0.819,819,1000,main
RA-ALTA/ar-en-fluent,determiner_noun_agreement_with_adj_irregular_2,0.907,907,1000,main
RA-ALTA/tr-en-fluent,determiner_noun_agreement_irregular_2,0.87,870,1000,main
RA-ALTA/ar-en-beginner,determiner_noun_agreement_with_adj_irregular_2,0.868,868,1000,main
RA-ALTA/ar-en-advanced,determiner_noun_agreement_with_adjective_1,0.915,915,1000,main
RA-ALTA/zh-en-beginner,determiner_noun_agreement_with_adjective_1,0.853,853,1000,main
RA-ALTA/zh-en-phase1-final,distractor_agreement_relative_clause,0.477,477,1000,main
RA-ALTA/ar-en-intermediate,determiner_noun_agreement_with_adj_irregular_2,0.89,890,1000,main
RA-ALTA/ar-en-phase1-final,determiner_noun_agreement_with_adj_irregular_2,0.542,542,1000,main
RA-ALTA/ar-en-fluent,determiner_noun_agreement_with_adjective_1,0.934,934,1000,main
RA-ALTA/tr-en-fluent,determiner_noun_agreement_with_adj_2,0.852,852,1000,main
RA-ALTA/ar-en-beginner,determiner_noun_agreement_with_adjective_1,0.871,871,1000,main
RA-ALTA/ar-en-advanced,distractor_agreement_relational_noun,0.772,772,1000,main
RA-ALTA/zh-en-phase1-final,drop_argument,0.792,792,1000,main
RA-ALTA/zh-en-beginner,distractor_agreement_relational_noun,0.595,595,1000,main
RA-ALTA/ar-en-intermediate,determiner_noun_agreement_with_adjective_1,0.884,884,1000,main
RA-ALTA/ar-en-fluent,distractor_agreement_relational_noun,0.813,813,1000,main
RA-ALTA/ar-en-phase1-final,determiner_noun_agreement_with_adjective_1,0.555,555,1000,main
RA-ALTA/tr-en-fluent,determiner_noun_agreement_with_adj_irregular_1,0.862,862,1000,main
RA-ALTA/ar-en-beginner,distractor_agreement_relational_noun,0.563,563,1000,main
RA-ALTA/ar-en-advanced,distractor_agreement_relative_clause,0.611,611,1000,main
RA-ALTA/zh-en-beginner,distractor_agreement_relative_clause,0.373,373,1000,main
RA-ALTA/zh-en-phase1-final,ellipsis_n_bar_1,0.214,214,1000,main
RA-ALTA/ar-en-intermediate,distractor_agreement_relational_noun,0.719,719,1000,main
RA-ALTA/ar-en-fluent,distractor_agreement_relative_clause,0.673,673,1000,main
RA-ALTA/ar-en-phase1-final,distractor_agreement_relational_noun,0.431,431,1000,main
RA-ALTA/tr-en-fluent,determiner_noun_agreement_with_adj_irregular_2,0.804,804,1000,main
RA-ALTA/ar-en-beginner,distractor_agreement_relative_clause,0.431,431,1000,main
RA-ALTA/ar-en-advanced,drop_argument,0.785,785,1000,main
RA-ALTA/zh-en-beginner,drop_argument,0.72,720,1000,main
RA-ALTA/zh-en-phase1-final,ellipsis_n_bar_2,0.557,557,1000,main
RA-ALTA/ar-en-intermediate,distractor_agreement_relative_clause,0.557,557,1000,main
RA-ALTA/ar-en-fluent,drop_argument,0.766,766,1000,main
RA-ALTA/ar-en-phase1-final,distractor_agreement_relative_clause,0.458,458,1000,main
RA-ALTA/tr-en-fluent,determiner_noun_agreement_with_adjective_1,0.913,913,1000,main
RA-ALTA/ar-en-beginner,drop_argument,0.762,762,1000,main
RA-ALTA/ar-en-advanced,ellipsis_n_bar_1,0.744,744,1000,main
RA-ALTA/zh-en-beginner,ellipsis_n_bar_1,0.757,757,1000,main
RA-ALTA/zh-en-phase1-final,existential_there_object_raising,0.7,700,1000,main
RA-ALTA/ar-en-intermediate,drop_argument,0.77,770,1000,main
RA-ALTA/ar-en-fluent,ellipsis_n_bar_1,0.794,794,1000,main
RA-ALTA/ar-en-phase1-final,drop_argument,0.774,774,1000,main
RA-ALTA/tr-en-fluent,distractor_agreement_relational_noun,0.656,656,1000,main
RA-ALTA/ar-en-beginner,ellipsis_n_bar_1,0.699,699,1000,main
RA-ALTA/ar-en-advanced,ellipsis_n_bar_2,0.806,806,1000,main
RA-ALTA/zh-en-beginner,ellipsis_n_bar_2,0.815,815,1000,main
RA-ALTA/zh-en-phase1-final,existential_there_quantifiers_1,0.834,834,1000,main
RA-ALTA/ar-en-intermediate,ellipsis_n_bar_1,0.722,722,1000,main
RA-ALTA/ar-en-fluent,ellipsis_n_bar_2,0.833,833,1000,main
RA-ALTA/ar-en-phase1-final,ellipsis_n_bar_1,0.251,251,1000,main
RA-ALTA/tr-en-fluent,distractor_agreement_relative_clause,0.443,443,1000,main
RA-ALTA/ar-en-beginner,ellipsis_n_bar_2,0.813,813,1000,main
RA-ALTA/ar-en-advanced,existential_there_object_raising,0.8,800,1000,main
RA-ALTA/zh-en-beginner,existential_there_object_raising,0.755,755,1000,main
RA-ALTA/zh-en-phase1-final,existential_there_quantifiers_2,0.303,303,1000,main
RA-ALTA/ar-en-intermediate,ellipsis_n_bar_2,0.75,750,1000,main
RA-ALTA/ar-en-fluent,existential_there_object_raising,0.774,774,1000,main
RA-ALTA/ar-en-phase1-final,ellipsis_n_bar_2,0.512,512,1000,main
RA-ALTA/tr-en-fluent,drop_argument,0.71,710,1000,main
RA-ALTA/ar-en-beginner,existential_there_object_raising,0.805,805,1000,main
RA-ALTA/ar-en-advanced,existential_there_quantifiers_1,0.975,975,1000,main
RA-ALTA/zh-en-beginner,existential_there_quantifiers_1,0.962,962,1000,main
RA-ALTA/zh-en-phase1-final,existential_there_subject_raising,0.484,484,1000,main
RA-ALTA/ar-en-intermediate,existential_there_object_raising,0.768,768,1000,main
RA-ALTA/ar-en-fluent,existential_there_quantifiers_1,0.966,966,1000,main
RA-ALTA/ar-en-phase1-final,existential_there_object_raising,0.755,755,1000,main
RA-ALTA/tr-en-fluent,ellipsis_n_bar_1,0.696,696,1000,main
RA-ALTA/ar-en-beginner,existential_there_quantifiers_1,0.948,948,1000,main
RA-ALTA/ar-en-advanced,existential_there_quantifiers_2,0.339,339,1000,main
RA-ALTA/zh-en-beginner,existential_there_quantifiers_2,0.543,543,1000,main
RA-ALTA/zh-en-phase1-final,expletive_it_object_raising,0.641,641,1000,main
RA-ALTA/ar-en-fluent,existential_there_quantifiers_2,0.369,369,1000,main
RA-ALTA/ar-en-intermediate,existential_there_quantifiers_1,0.975,975,1000,main
RA-ALTA/ar-en-phase1-final,existential_there_quantifiers_1,0.838,838,1000,main
RA-ALTA/tr-en-fluent,ellipsis_n_bar_2,0.831,831,1000,main
RA-ALTA/ar-en-beginner,existential_there_quantifiers_2,0.355,355,1000,main
RA-ALTA/ar-en-advanced,existential_there_subject_raising,0.867,867,1000,main
RA-ALTA/zh-en-beginner,existential_there_subject_raising,0.836,836,1000,main
RA-ALTA/zh-en-phase1-final,inchoative,0.456,456,1000,main
RA-ALTA/ar-en-fluent,existential_there_subject_raising,0.857,857,1000,main
RA-ALTA/ar-en-intermediate,existential_there_quantifiers_2,0.3,300,1000,main
RA-ALTA/ar-en-phase1-final,existential_there_quantifiers_2,0.362,362,1000,main
RA-ALTA/ar-en-beginner,existential_there_subject_raising,0.832,832,1000,main
RA-ALTA/tr-en-fluent,existential_there_object_raising,0.777,777,1000,main
RA-ALTA/zh-en-phase1-final,intransitive,0.627,627,1000,main
RA-ALTA/ar-en-advanced,expletive_it_object_raising,0.74,740,1000,main
RA-ALTA/zh-en-beginner,expletive_it_object_raising,0.691,691,1000,main
RA-ALTA/ar-en-intermediate,existential_there_subject_raising,0.816,816,1000,main
RA-ALTA/ar-en-fluent,expletive_it_object_raising,0.751,751,1000,main
RA-ALTA/ar-en-phase1-final,existential_there_subject_raising,0.525,525,1000,main
RA-ALTA/ar-en-beginner,expletive_it_object_raising,0.748,748,1000,main
RA-ALTA/tr-en-fluent,existential_there_quantifiers_1,0.98,980,1000,main
RA-ALTA/zh-en-phase1-final,irregular_past_participle_adjectives,0.608,608,1000,main
RA-ALTA/zh-en-beginner,inchoative,0.522,522,1000,main
RA-ALTA/ar-en-advanced,inchoative,0.616,616,1000,main
RA-ALTA/ar-en-fluent,inchoative,0.563,563,1000,main
RA-ALTA/ar-en-intermediate,expletive_it_object_raising,0.703,703,1000,main
RA-ALTA/ar-en-phase1-final,expletive_it_object_raising,0.705,705,1000,main
RA-ALTA/ar-en-beginner,inchoative,0.526,526,1000,main
RA-ALTA/tr-en-fluent,existential_there_quantifiers_2,0.159,159,1000,main
RA-ALTA/zh-en-phase1-final,irregular_past_participle_verbs,0.586,586,1000,main
RA-ALTA/zh-en-beginner,intransitive,0.65,650,1000,main
RA-ALTA/ar-en-advanced,intransitive,0.76,760,1000,main
RA-ALTA/ar-en-fluent,intransitive,0.701,701,1000,main
RA-ALTA/ar-en-intermediate,inchoative,0.567,567,1000,main
RA-ALTA/ar-en-phase1-final,inchoative,0.408,408,1000,main
RA-ALTA/ar-en-beginner,intransitive,0.677,677,1000,main
RA-ALTA/tr-en-fluent,existential_there_subject_raising,0.864,864,1000,main
RA-ALTA/zh-en-phase1-final,irregular_plural_subject_verb_agreement_1,0.52,520,1000,main
RA-ALTA/zh-en-beginner,irregular_past_participle_adjectives,0.873,873,1000,main
RA-ALTA/ar-en-advanced,irregular_past_participle_adjectives,0.982,982,1000,main
RA-ALTA/ar-en-fluent,irregular_past_participle_adjectives,0.951,951,1000,main
RA-ALTA/ar-en-intermediate,intransitive,0.722,722,1000,main
RA-ALTA/ar-en-phase1-final,intransitive,0.569,569,1000,main
RA-ALTA/ar-en-beginner,irregular_past_participle_adjectives,0.996,996,1000,main
RA-ALTA/tr-en-fluent,expletive_it_object_raising,0.752,752,1000,main
RA-ALTA/zh-en-phase1-final,irregular_plural_subject_verb_agreement_2,0.517,517,1000,main
RA-ALTA/zh-en-beginner,irregular_past_participle_verbs,0.762,762,1000,main
RA-ALTA/ar-en-advanced,irregular_past_participle_verbs,0.898,898,1000,main
RA-ALTA/ar-en-fluent,irregular_past_participle_verbs,0.917,917,1000,main
RA-ALTA/ar-en-intermediate,irregular_past_participle_adjectives,0.968,968,1000,main
RA-ALTA/ar-en-phase1-final,irregular_past_participle_adjectives,0.88,880,1000,main
RA-ALTA/ar-en-beginner,irregular_past_participle_verbs,0.826,826,1000,main
RA-ALTA/zh-en-phase1-final,left_branch_island_echo_question,0.837,837,1000,main
RA-ALTA/tr-en-fluent,inchoative,0.527,527,1000,main
RA-ALTA/zh-en-beginner,irregular_plural_subject_verb_agreement_1,0.796,796,1000,main
RA-ALTA/ar-en-advanced,irregular_plural_subject_verb_agreement_1,0.908,908,1000,main
RA-ALTA/ar-en-fluent,irregular_plural_subject_verb_agreement_1,0.914,914,1000,main
RA-ALTA/ar-en-intermediate,irregular_past_participle_verbs,0.873,873,1000,main
RA-ALTA/ar-en-phase1-final,irregular_past_participle_verbs,0.413,413,1000,main
RA-ALTA/ar-en-beginner,irregular_plural_subject_verb_agreement_1,0.824,824,1000,main
RA-ALTA/zh-en-phase1-final,left_branch_island_simple_question,0.543,543,1000,main
RA-ALTA/tr-en-fluent,intransitive,0.679,679,1000,main
RA-ALTA/zh-en-beginner,irregular_plural_subject_verb_agreement_2,0.837,837,1000,main
RA-ALTA/ar-en-advanced,irregular_plural_subject_verb_agreement_2,0.941,941,1000,main
RA-ALTA/ar-en-fluent,irregular_plural_subject_verb_agreement_2,0.942,942,1000,main
RA-ALTA/ar-en-intermediate,irregular_plural_subject_verb_agreement_1,0.88,880,1000,main
RA-ALTA/ar-en-phase1-final,irregular_plural_subject_verb_agreement_1,0.553,553,1000,main
RA-ALTA/ar-en-beginner,irregular_plural_subject_verb_agreement_2,0.881,881,1000,main
RA-ALTA/zh-en-phase1-final,matrix_question_npi_licensor_present,0.06,60,1000,main
RA-ALTA/tr-en-fluent,irregular_past_participle_adjectives,0.954,954,1000,main
RA-ALTA/zh-en-beginner,left_branch_island_echo_question,0.533,533,1000,main
RA-ALTA/ar-en-advanced,left_branch_island_echo_question,0.434,434,1000,main
RA-ALTA/ar-en-fluent,left_branch_island_echo_question,0.355,355,1000,main
RA-ALTA/ar-en-intermediate,irregular_plural_subject_verb_agreement_2,0.926,926,1000,main
RA-ALTA/ar-en-phase1-final,irregular_plural_subject_verb_agreement_2,0.532,532,1000,main
RA-ALTA/ar-en-beginner,left_branch_island_echo_question,0.442,442,1000,main
RA-ALTA/zh-en-phase1-final,npi_present_1,0.394,394,1000,main
RA-ALTA/tr-en-fluent,irregular_past_participle_verbs,0.813,813,1000,main
RA-ALTA/zh-en-beginner,left_branch_island_simple_question,0.281,281,1000,main
RA-ALTA/ar-en-advanced,left_branch_island_simple_question,0.305,305,1000,main
RA-ALTA/ar-en-fluent,left_branch_island_simple_question,0.271,271,1000,main
RA-ALTA/ar-en-intermediate,left_branch_island_echo_question,0.385,385,1000,main
RA-ALTA/ar-en-phase1-final,left_branch_island_echo_question,0.691,691,1000,main
RA-ALTA/zh-en-phase1-final,npi_present_2,0.415,415,1000,main
RA-ALTA/ar-en-beginner,left_branch_island_simple_question,0.162,162,1000,main
RA-ALTA/tr-en-fluent,irregular_plural_subject_verb_agreement_1,0.824,824,1000,main
RA-ALTA/zh-en-beginner,matrix_question_npi_licensor_present,0.116,116,1000,main
RA-ALTA/ar-en-advanced,matrix_question_npi_licensor_present,0.248,248,1000,main
RA-ALTA/ar-en-fluent,matrix_question_npi_licensor_present,0.194,194,1000,main
RA-ALTA/ar-en-intermediate,left_branch_island_simple_question,0.242,242,1000,main
RA-ALTA/zh-en-phase1-final,only_npi_licensor_present,0.373,373,1000,main
RA-ALTA/ar-en-phase1-final,left_branch_island_simple_question,0.183,183,1000,main
RA-ALTA/ar-en-beginner,matrix_question_npi_licensor_present,0.126,126,1000,main
RA-ALTA/tr-en-fluent,irregular_plural_subject_verb_agreement_2,0.803,803,1000,main
RA-ALTA/zh-en-beginner,npi_present_1,0.461,461,1000,main
RA-ALTA/ar-en-advanced,npi_present_1,0.494,494,1000,main
RA-ALTA/ar-en-fluent,npi_present_1,0.574,574,1000,main
RA-ALTA/ar-en-intermediate,matrix_question_npi_licensor_present,0.226,226,1000,main
RA-ALTA/zh-en-phase1-final,only_npi_scope,0.355,355,1000,main
RA-ALTA/ar-en-phase1-final,matrix_question_npi_licensor_present,0.097,97,1000,main
RA-ALTA/ar-en-beginner,npi_present_1,0.488,488,1000,main
RA-ALTA/tr-en-fluent,left_branch_island_echo_question,0.375,375,1000,main
RA-ALTA/zh-en-beginner,npi_present_2,0.543,543,1000,main
RA-ALTA/ar-en-advanced,npi_present_2,0.507,507,1000,main
RA-ALTA/ar-en-fluent,npi_present_2,0.551,551,1000,main
RA-ALTA/ar-en-intermediate,npi_present_1,0.473,473,1000,main
RA-ALTA/zh-en-phase1-final,passive_1,0.628,628,1000,main
RA-ALTA/ar-en-beginner,npi_present_2,0.531,531,1000,main
RA-ALTA/ar-en-phase1-final,npi_present_1,0.447,447,1000,main
RA-ALTA/tr-en-fluent,left_branch_island_simple_question,0.462,462,1000,main
RA-ALTA/zh-en-beginner,only_npi_licensor_present,0.433,433,1000,main
RA-ALTA/ar-en-advanced,only_npi_licensor_present,0.484,484,1000,main
RA-ALTA/ar-en-fluent,only_npi_licensor_present,0.653,653,1000,main
RA-ALTA/ar-en-intermediate,npi_present_2,0.503,503,1000,main
RA-ALTA/zh-en-phase1-final,passive_2,0.63,630,1000,main
RA-ALTA/ar-en-beginner,only_npi_licensor_present,0.54,540,1000,main
RA-ALTA/ar-en-phase1-final,npi_present_2,0.396,396,1000,main
RA-ALTA/tr-en-fluent,matrix_question_npi_licensor_present,0.21,210,1000,main
RA-ALTA/zh-en-beginner,only_npi_scope,0.641,641,1000,main
RA-ALTA/ar-en-advanced,only_npi_scope,0.56,560,1000,main
RA-ALTA/ar-en-fluent,only_npi_scope,0.483,483,1000,main
RA-ALTA/ar-en-intermediate,only_npi_licensor_present,0.472,472,1000,main
RA-ALTA/zh-en-phase1-final,principle_A_c_command,0.469,469,1000,main
RA-ALTA/ar-en-beginner,only_npi_scope,0.63,630,1000,main
RA-ALTA/ar-en-phase1-final,only_npi_licensor_present,0.665,665,1000,main
RA-ALTA/tr-en-fluent,npi_present_1,0.514,514,1000,main
RA-ALTA/zh-en-beginner,passive_1,0.873,873,1000,main
RA-ALTA/ar-en-fluent,passive_1,0.9,900,1000,main
RA-ALTA/ar-en-advanced,passive_1,0.869,869,1000,main
RA-ALTA/ar-en-intermediate,only_npi_scope,0.604,604,1000,main
RA-ALTA/zh-en-phase1-final,principle_A_case_1,1.0,1000,1000,main
RA-ALTA/ar-en-beginner,passive_1,0.847,847,1000,main
RA-ALTA/ar-en-phase1-final,only_npi_scope,0.479,479,1000,main
RA-ALTA/tr-en-fluent,npi_present_2,0.545,545,1000,main
RA-ALTA/zh-en-beginner,passive_2,0.89,890,1000,main
RA-ALTA/ar-en-advanced,passive_2,0.871,871,1000,main
RA-ALTA/ar-en-fluent,passive_2,0.887,887,1000,main
RA-ALTA/ar-en-intermediate,passive_1,0.895,895,1000,main
RA-ALTA/zh-en-phase1-final,principle_A_case_2,0.501,501,1000,main
RA-ALTA/ar-en-beginner,passive_2,0.832,832,1000,main
RA-ALTA/ar-en-phase1-final,passive_1,0.72,720,1000,main
RA-ALTA/tr-en-fluent,only_npi_licensor_present,0.264,264,1000,main
RA-ALTA/ar-en-fluent,principle_A_c_command,0.627,627,1000,main
RA-ALTA/ar-en-advanced,principle_A_c_command,0.645,645,1000,main
RA-ALTA/zh-en-beginner,principle_A_c_command,0.643,643,1000,main
RA-ALTA/ar-en-intermediate,passive_2,0.893,893,1000,main
RA-ALTA/zh-en-phase1-final,principle_A_domain_1,0.997,997,1000,main
RA-ALTA/ar-en-beginner,principle_A_c_command,0.666,666,1000,main
RA-ALTA/ar-en-phase1-final,passive_2,0.705,705,1000,main
RA-ALTA/ar-en-fluent,principle_A_case_1,0.998,998,1000,main
RA-ALTA/ar-en-advanced,principle_A_case_1,0.998,998,1000,main
RA-ALTA/zh-en-beginner,principle_A_case_1,1.0,1000,1000,main
RA-ALTA/tr-en-fluent,only_npi_scope,0.152,152,1000,main
RA-ALTA/ar-en-intermediate,principle_A_c_command,0.64,640,1000,main
RA-ALTA/zh-en-phase1-final,principle_A_domain_2,0.576,576,1000,main
RA-ALTA/ar-en-beginner,principle_A_case_1,1.0,1000,1000,main
RA-ALTA/ar-en-phase1-final,principle_A_c_command,0.562,562,1000,main
RA-ALTA/ar-en-fluent,principle_A_case_2,0.94,940,1000,main
RA-ALTA/ar-en-advanced,principle_A_case_2,0.919,919,1000,main
RA-ALTA/zh-en-beginner,principle_A_case_2,0.781,781,1000,main
RA-ALTA/tr-en-fluent,passive_1,0.87,870,1000,main
RA-ALTA/ar-en-intermediate,principle_A_case_1,0.997,997,1000,main
RA-ALTA/zh-en-phase1-final,principle_A_domain_3,0.433,433,1000,main
RA-ALTA/ar-en-beginner,principle_A_case_2,0.752,752,1000,main
RA-ALTA/ar-en-phase1-final,principle_A_case_1,1.0,1000,1000,main
RA-ALTA/ar-en-fluent,principle_A_domain_1,0.968,968,1000,main
RA-ALTA/ar-en-advanced,principle_A_domain_1,0.968,968,1000,main
RA-ALTA/zh-en-beginner,principle_A_domain_1,0.946,946,1000,main
RA-ALTA/tr-en-fluent,passive_2,0.844,844,1000,main
RA-ALTA/ar-en-intermediate,principle_A_case_2,0.869,869,1000,main
RA-ALTA/zh-en-phase1-final,principle_A_reconstruction,0.18,180,1000,main
RA-ALTA/ar-en-beginner,principle_A_domain_1,0.951,951,1000,main
RA-ALTA/ar-en-phase1-final,principle_A_case_2,0.459,459,1000,main
RA-ALTA/ar-en-fluent,principle_A_domain_2,0.78,780,1000,main
RA-ALTA/ar-en-advanced,principle_A_domain_2,0.807,807,1000,main
RA-ALTA/zh-en-beginner,principle_A_domain_2,0.75,750,1000,main
RA-ALTA/tr-en-fluent,principle_A_c_command,0.498,498,1000,main
RA-ALTA/ar-en-intermediate,principle_A_domain_1,0.943,943,1000,main
RA-ALTA/zh-en-phase1-final,regular_plural_subject_verb_agreement_1,0.512,512,1000,main
RA-ALTA/ar-en-beginner,principle_A_domain_2,0.741,741,1000,main
RA-ALTA/ar-en-phase1-final,principle_A_domain_1,0.981,981,1000,main
RA-ALTA/ar-en-fluent,principle_A_domain_3,0.502,502,1000,main
RA-ALTA/ar-en-advanced,principle_A_domain_3,0.507,507,1000,main
RA-ALTA/zh-en-beginner,principle_A_domain_3,0.461,461,1000,main
RA-ALTA/tr-en-fluent,principle_A_case_1,0.998,998,1000,main
RA-ALTA/ar-en-intermediate,principle_A_domain_2,0.787,787,1000,main
RA-ALTA/zh-en-phase1-final,regular_plural_subject_verb_agreement_2,0.466,466,1000,main
RA-ALTA/ar-en-beginner,principle_A_domain_3,0.483,483,1000,main
RA-ALTA/ar-en-phase1-final,principle_A_domain_2,0.593,593,1000,main
RA-ALTA/ar-en-fluent,principle_A_reconstruction,0.327,327,1000,main
RA-ALTA/ar-en-advanced,principle_A_reconstruction,0.371,371,1000,main
RA-ALTA/zh-en-beginner,principle_A_reconstruction,0.339,339,1000,main
RA-ALTA/tr-en-fluent,principle_A_case_2,0.831,831,1000,main
RA-ALTA/ar-en-intermediate,principle_A_domain_3,0.496,496,1000,main
RA-ALTA/zh-en-phase1-final,sentential_negation_npi_licensor_present,1.0,1000,1000,main
RA-ALTA/ar-en-beginner,principle_A_reconstruction,0.266,266,1000,main
RA-ALTA/ar-en-phase1-final,principle_A_domain_3,0.412,412,1000,main
RA-ALTA/ar-en-fluent,regular_plural_subject_verb_agreement_1,0.814,814,1000,main
RA-ALTA/ar-en-advanced,regular_plural_subject_verb_agreement_1,0.848,848,1000,main
RA-ALTA/zh-en-beginner,regular_plural_subject_verb_agreement_1,0.765,765,1000,main
RA-ALTA/tr-en-fluent,principle_A_domain_1,0.919,919,1000,main
RA-ALTA/ar-en-intermediate,principle_A_reconstruction,0.304,304,1000,main
RA-ALTA/zh-en-phase1-final,sentential_negation_npi_scope,0.203,203,1000,main
RA-ALTA/ar-en-beginner,regular_plural_subject_verb_agreement_1,0.787,787,1000,main
RA-ALTA/ar-en-phase1-final,principle_A_reconstruction,0.197,197,1000,main
RA-ALTA/ar-en-fluent,regular_plural_subject_verb_agreement_2,0.892,892,1000,main
RA-ALTA/ar-en-advanced,regular_plural_subject_verb_agreement_2,0.898,898,1000,main
RA-ALTA/zh-en-beginner,regular_plural_subject_verb_agreement_2,0.861,861,1000,main
RA-ALTA/tr-en-fluent,principle_A_domain_2,0.735,735,1000,main
RA-ALTA/ar-en-intermediate,regular_plural_subject_verb_agreement_1,0.793,793,1000,main
RA-ALTA/zh-en-phase1-final,sentential_subject_island,0.333,333,1000,main
RA-ALTA/ar-en-beginner,regular_plural_subject_verb_agreement_2,0.817,817,1000,main
RA-ALTA/ar-en-phase1-final,regular_plural_subject_verb_agreement_1,0.535,535,1000,main
RA-ALTA/ar-en-fluent,sentential_negation_npi_licensor_present,0.999,999,1000,main
RA-ALTA/ar-en-advanced,sentential_negation_npi_licensor_present,0.999,999,1000,main
RA-ALTA/zh-en-beginner,sentential_negation_npi_licensor_present,1.0,1000,1000,main
RA-ALTA/ar-en-intermediate,regular_plural_subject_verb_agreement_2,0.878,878,1000,main
RA-ALTA/tr-en-fluent,principle_A_domain_3,0.493,493,1000,main
RA-ALTA/zh-en-phase1-final,superlative_quantifiers_1,0.385,385,1000,main
RA-ALTA/ar-en-beginner,sentential_negation_npi_licensor_present,1.0,1000,1000,main
RA-ALTA/ar-en-phase1-final,regular_plural_subject_verb_agreement_2,0.513,513,1000,main
RA-ALTA/ar-en-fluent,sentential_negation_npi_scope,0.314,314,1000,main
RA-ALTA/ar-en-advanced,sentential_negation_npi_scope,0.384,384,1000,main
RA-ALTA/zh-en-beginner,sentential_negation_npi_scope,0.367,367,1000,main
RA-ALTA/zh-en-phase1-final,superlative_quantifiers_2,0.891,891,1000,main
RA-ALTA/ar-en-intermediate,sentential_negation_npi_licensor_present,1.0,1000,1000,main
RA-ALTA/tr-en-fluent,principle_A_reconstruction,0.414,414,1000,main
RA-ALTA/ar-en-beginner,sentential_negation_npi_scope,0.341,341,1000,main
RA-ALTA/ar-en-phase1-final,sentential_negation_npi_licensor_present,0.988,988,1000,main
RA-ALTA/ar-en-fluent,sentential_subject_island,0.376,376,1000,main
RA-ALTA/ar-en-advanced,sentential_subject_island,0.379,379,1000,main
RA-ALTA/zh-en-beginner,sentential_subject_island,0.393,393,1000,main
RA-ALTA/zh-en-phase1-final,tough_vs_raising_1,0.462,462,1000,main
RA-ALTA/ar-en-intermediate,sentential_negation_npi_scope,0.311,311,1000,main
RA-ALTA/tr-en-fluent,regular_plural_subject_verb_agreement_1,0.852,852,1000,main
RA-ALTA/ar-en-beginner,sentential_subject_island,0.317,317,1000,main
RA-ALTA/ar-en-phase1-final,sentential_negation_npi_scope,0.325,325,1000,main
RA-ALTA/ar-en-fluent,superlative_quantifiers_1,0.658,658,1000,main
RA-ALTA/ar-en-advanced,superlative_quantifiers_1,0.688,688,1000,main
RA-ALTA/zh-en-beginner,superlative_quantifiers_1,0.628,628,1000,main
RA-ALTA/zh-en-phase1-final,tough_vs_raising_2,0.572,572,1000,main
RA-ALTA/ar-en-intermediate,sentential_subject_island,0.295,295,1000,main
RA-ALTA/tr-en-fluent,regular_plural_subject_verb_agreement_2,0.799,799,1000,main
RA-ALTA/ar-en-beginner,superlative_quantifiers_1,0.571,571,1000,main
RA-ALTA/ar-en-phase1-final,sentential_subject_island,0.492,492,1000,main
RA-ALTA/ar-en-fluent,superlative_quantifiers_2,0.545,545,1000,main
RA-ALTA/ar-en-advanced,superlative_quantifiers_2,0.446,446,1000,main
RA-ALTA/zh-en-beginner,superlative_quantifiers_2,0.744,744,1000,main
RA-ALTA/zh-en-phase1-final,transitive,0.6,600,1000,main
RA-ALTA/ar-en-intermediate,superlative_quantifiers_1,0.625,625,1000,main
RA-ALTA/tr-en-fluent,sentential_negation_npi_licensor_present,0.987,987,1000,main
RA-ALTA/ar-en-beginner,superlative_quantifiers_2,0.716,716,1000,main
RA-ALTA/ar-en-phase1-final,superlative_quantifiers_1,0.486,486,1000,main
RA-ALTA/ar-en-fluent,tough_vs_raising_1,0.443,443,1000,main
RA-ALTA/ar-en-advanced,tough_vs_raising_1,0.435,435,1000,main
RA-ALTA/zh-en-beginner,tough_vs_raising_1,0.287,287,1000,main
RA-ALTA/zh-en-phase1-final,wh_island,0.369,369,1000,main
RA-ALTA/ar-en-intermediate,superlative_quantifiers_2,0.67,670,1000,main
RA-ALTA/tr-en-fluent,sentential_negation_npi_scope,0.313,313,1000,main
RA-ALTA/ar-en-beginner,tough_vs_raising_1,0.348,348,1000,main
RA-ALTA/ar-en-phase1-final,superlative_quantifiers_2,0.887,887,1000,main
RA-ALTA/ar-en-fluent,tough_vs_raising_2,0.912,912,1000,main
RA-ALTA/ar-en-advanced,tough_vs_raising_2,0.906,906,1000,main
RA-ALTA/zh-en-beginner,tough_vs_raising_2,0.882,882,1000,main
RA-ALTA/zh-en-phase1-final,wh_questions_object_gap,0.654,654,1000,main
RA-ALTA/ar-en-intermediate,tough_vs_raising_1,0.39,390,1000,main
RA-ALTA/tr-en-fluent,sentential_subject_island,0.299,299,1000,main
RA-ALTA/ar-en-beginner,tough_vs_raising_2,0.836,836,1000,main
RA-ALTA/ar-en-phase1-final,tough_vs_raising_1,0.473,473,1000,main
RA-ALTA/ar-en-fluent,transitive,0.847,847,1000,main
RA-ALTA/ar-en-advanced,transitive,0.826,826,1000,main
RA-ALTA/zh-en-phase1-final,wh_questions_subject_gap,0.981,981,1000,main
RA-ALTA/zh-en-beginner,transitive,0.785,785,1000,main
RA-ALTA/ar-en-intermediate,tough_vs_raising_2,0.892,892,1000,main
RA-ALTA/tr-en-fluent,superlative_quantifiers_1,0.681,681,1000,main
RA-ALTA/ar-en-beginner,transitive,0.797,797,1000,main
RA-ALTA/ar-en-phase1-final,tough_vs_raising_2,0.606,606,1000,main
RA-ALTA/ar-en-fluent,wh_island,0.667,667,1000,main
RA-ALTA/ar-en-advanced,wh_island,0.631,631,1000,main
RA-ALTA/zh-en-phase1-final,wh_questions_subject_gap_long_distance,0.942,942,1000,main
RA-ALTA/zh-en-beginner,wh_island,0.453,453,1000,main
RA-ALTA/ar-en-intermediate,transitive,0.801,801,1000,main
RA-ALTA/tr-en-fluent,superlative_quantifiers_2,0.966,966,1000,main
RA-ALTA/ar-en-fluent,wh_questions_object_gap,0.73,730,1000,main
RA-ALTA/ar-en-beginner,wh_island,0.437,437,1000,main
RA-ALTA/ar-en-phase1-final,transitive,0.649,649,1000,main
RA-ALTA/zh-en-phase1-final,wh_vs_that_no_gap,0.998,998,1000,main
RA-ALTA/ar-en-advanced,wh_questions_object_gap,0.678,678,1000,main
RA-ALTA/zh-en-beginner,wh_questions_object_gap,0.586,586,1000,main
RA-ALTA/ar-en-intermediate,wh_island,0.581,581,1000,main
RA-ALTA/tr-en-fluent,tough_vs_raising_1,0.364,364,1000,main
RA-ALTA/ar-en-fluent,wh_questions_subject_gap,0.876,876,1000,main
RA-ALTA/ar-en-beginner,wh_questions_object_gap,0.59,590,1000,main
RA-ALTA/ar-en-phase1-final,wh_island,0.478,478,1000,main
RA-ALTA/zh-en-phase1-final,wh_vs_that_no_gap_long_distance,0.99,990,1000,main
RA-ALTA/ar-en-advanced,wh_questions_subject_gap,0.852,852,1000,main
RA-ALTA/zh-en-beginner,wh_questions_subject_gap,0.886,886,1000,main
RA-ALTA/ar-en-intermediate,wh_questions_object_gap,0.611,611,1000,main
RA-ALTA/tr-en-fluent,tough_vs_raising_2,0.867,867,1000,main
RA-ALTA/ar-en-fluent,wh_questions_subject_gap_long_distance,0.863,863,1000,main
RA-ALTA/ar-en-beginner,wh_questions_subject_gap,0.837,837,1000,main
RA-ALTA/ar-en-phase1-final,wh_questions_object_gap,0.649,649,1000,main
RA-ALTA/zh-en-phase1-final,wh_vs_that_with_gap,0.009,9,1000,main
RA-ALTA/ar-en-advanced,wh_questions_subject_gap_long_distance,0.87,870,1000,main
RA-ALTA/zh-en-beginner,wh_questions_subject_gap_long_distance,0.837,837,1000,main
RA-ALTA/ar-en-intermediate,wh_questions_subject_gap,0.842,842,1000,main
RA-ALTA/tr-en-fluent,transitive,0.794,794,1000,main
RA-ALTA/ar-en-fluent,wh_vs_that_no_gap,0.973,973,1000,main
RA-ALTA/ar-en-beginner,wh_questions_subject_gap_long_distance,0.88,880,1000,main
RA-ALTA/ar-en-phase1-final,wh_questions_subject_gap,0.98,980,1000,main
RA-ALTA/zh-en-phase1-final,wh_vs_that_with_gap_long_distance,0.012,12,1000,main
RA-ALTA/ar-en-advanced,wh_vs_that_no_gap,0.957,957,1000,main
RA-ALTA/zh-en-beginner,wh_vs_that_no_gap,0.941,941,1000,main
RA-ALTA/ar-en-intermediate,wh_questions_subject_gap_long_distance,0.86,860,1000,main
RA-ALTA/tr-en-fluent,wh_island,0.468,468,1000,main
RA-ALTA/ar-en-fluent,wh_vs_that_no_gap_long_distance,0.978,978,1000,main
RA-ALTA/ar-en-beginner,wh_vs_that_no_gap,0.965,965,1000,main
RA-ALTA/ar-en-phase1-final,wh_questions_subject_gap_long_distance,0.965,965,1000,main
RA-ALTA/ar-en-advanced,wh_vs_that_no_gap_long_distance,0.976,976,1000,main
RA-ALTA/zh-en-beginner,wh_vs_that_no_gap_long_distance,0.946,946,1000,main
RA-ALTA/ar-en-intermediate,wh_vs_that_no_gap,0.94,940,1000,main
RA-ALTA/tr-en-fluent,wh_questions_object_gap,0.686,686,1000,main
RA-ALTA/ar-en-fluent,wh_vs_that_with_gap,0.46,460,1000,main
RA-ALTA/ar-en-beginner,wh_vs_that_no_gap_long_distance,0.983,983,1000,main
RA-ALTA/ar-en-phase1-final,wh_vs_that_no_gap,0.991,991,1000,main
RA-ALTA/ar-en-advanced,wh_vs_that_with_gap,0.467,467,1000,main
RA-ALTA/zh-en-beginner,wh_vs_that_with_gap,0.288,288,1000,main
RA-ALTA/ar-en-intermediate,wh_vs_that_no_gap_long_distance,0.965,965,1000,main
RA-ALTA/tr-en-fluent,wh_questions_subject_gap,0.852,852,1000,main
RA-ALTA/ar-en-fluent,wh_vs_that_with_gap_long_distance,0.169,169,1000,main
RA-ALTA/ar-en-beginner,wh_vs_that_with_gap,0.293,293,1000,main
RA-ALTA/ar-en-phase1-final,wh_vs_that_no_gap_long_distance,0.989,989,1000,main
RA-ALTA/zh-en-beginner,wh_vs_that_with_gap_long_distance,0.162,162,1000,main
RA-ALTA/ar-en-advanced,wh_vs_that_with_gap_long_distance,0.181,181,1000,main
RA-ALTA/ar-en-intermediate,wh_vs_that_with_gap,0.438,438,1000,main
RA-ALTA/tr-en-fluent,wh_questions_subject_gap_long_distance,0.916,916,1000,main
RA-ALTA/ar-en-beginner,wh_vs_that_with_gap_long_distance,0.096,96,1000,main
RA-ALTA/ar-en-phase1-final,wh_vs_that_with_gap,0.009,9,1000,main
RA-ALTA/ar-en-intermediate,wh_vs_that_with_gap_long_distance,0.2,200,1000,main
RA-ALTA/tr-en-fluent,wh_vs_that_no_gap,0.961,961,1000,main
RA-ALTA/ar-en-phase1-final,wh_vs_that_with_gap_long_distance,0.014,14,1000,main
RA-ALTA/tr-en-fluent,wh_vs_that_no_gap_long_distance,0.981,981,1000,main
RA-ALTA/tr-en-fluent,wh_vs_that_with_gap,0.431,431,1000,main
RA-ALTA/tr-en-fluent,wh_vs_that_with_gap_long_distance,0.182,182,1000,main
RA-ALTA/zh-en-fluent,adjunct_island,0.811,811,1000,main
RA-ALTA/zh-en-fluent,anaphor_gender_agreement,0.74,740,1000,main
RA-ALTA/zh-en-advanced,adjunct_island,0.728,728,1000,main
RA-ALTA/zh-en-fluent,anaphor_number_agreement,0.904,904,1000,main
RA-ALTA/zh-en-advanced,anaphor_gender_agreement,0.659,659,1000,main
RA-ALTA/zh-en-fluent,animate_subject_passive,0.758,758,1000,main
RA-ALTA/zh-en-advanced,anaphor_number_agreement,0.884,884,1000,main
RA-ALTA/zh-en-fluent,animate_subject_trans,0.852,852,1000,main
RA-ALTA/zh-en-advanced,animate_subject_passive,0.744,744,1000,main
RA-ALTA/zh-en-fluent,causative,0.684,684,1000,main
RA-ALTA/zh-en-intermediate,adjunct_island,0.743,743,1000,main
RA-ALTA/zh-en-advanced,animate_subject_trans,0.853,853,1000,main
RA-ALTA/zh-en-fluent,complex_NP_island,0.534,534,1000,main
RA-ALTA/zh-en-intermediate,anaphor_gender_agreement,0.681,681,1000,main
RA-ALTA/zh-en-advanced,causative,0.664,664,1000,main
RA-ALTA/zh-en-fluent,coordinate_structure_constraint_complex_left_branch,0.365,365,1000,main
RA-ALTA/zh-en-intermediate,anaphor_number_agreement,0.845,845,1000,main
RA-ALTA/zh-en-advanced,complex_NP_island,0.479,479,1000,main
RA-ALTA/zh-en-fluent,coordinate_structure_constraint_object_extraction,0.801,801,1000,main
RA-ALTA/zh-en-intermediate,animate_subject_passive,0.745,745,1000,main
RA-ALTA/zh-en-advanced,coordinate_structure_constraint_complex_left_branch,0.317,317,1000,main
RA-ALTA/zh-en-fluent,determiner_noun_agreement_1,0.971,971,1000,main
RA-ALTA/zh-en-intermediate,animate_subject_trans,0.849,849,1000,main
RA-ALTA/zh-en-advanced,coordinate_structure_constraint_object_extraction,0.809,809,1000,main
RA-ALTA/zh-en-fluent,determiner_noun_agreement_2,0.965,965,1000,main
RA-ALTA/zh-en-intermediate,causative,0.684,684,1000,main
RA-ALTA/zh-en-advanced,determiner_noun_agreement_1,0.969,969,1000,main
RA-ALTA/zh-en-fluent,determiner_noun_agreement_irregular_1,0.909,909,1000,main
RA-ALTA/zh-en-intermediate,complex_NP_island,0.476,476,1000,main
RA-ALTA/zh-en-advanced,determiner_noun_agreement_2,0.958,958,1000,main
RA-ALTA/zh-en-fluent,determiner_noun_agreement_irregular_2,0.941,941,1000,main
RA-ALTA/zh-en-intermediate,coordinate_structure_constraint_complex_left_branch,0.323,323,1000,main
RA-ALTA/zh-en-advanced,determiner_noun_agreement_irregular_1,0.87,870,1000,main
RA-ALTA/zh-en-fluent,determiner_noun_agreement_with_adj_2,0.92,920,1000,main
RA-ALTA/zh-en-intermediate,coordinate_structure_constraint_object_extraction,0.826,826,1000,main
RA-ALTA/zh-en-advanced,determiner_noun_agreement_irregular_2,0.895,895,1000,main
RA-ALTA/zh-en-fluent,determiner_noun_agreement_with_adj_irregular_1,0.841,841,1000,main
RA-ALTA/zh-en-intermediate,determiner_noun_agreement_1,0.956,956,1000,main
RA-ALTA/zh-en-advanced,determiner_noun_agreement_with_adj_2,0.925,925,1000,main
RA-ALTA/zh-en-fluent,determiner_noun_agreement_with_adj_irregular_2,0.914,914,1000,main
RA-ALTA/zh-en-intermediate,determiner_noun_agreement_2,0.949,949,1000,main
RA-ALTA/zh-en-advanced,determiner_noun_agreement_with_adj_irregular_1,0.843,843,1000,main
RA-ALTA/zh-en-fluent,determiner_noun_agreement_with_adjective_1,0.916,916,1000,main
RA-ALTA/zh-en-intermediate,determiner_noun_agreement_irregular_1,0.854,854,1000,main
RA-ALTA/zh-en-advanced,determiner_noun_agreement_with_adj_irregular_2,0.894,894,1000,main
RA-ALTA/zh-en-fluent,distractor_agreement_relational_noun,0.809,809,1000,main
RA-ALTA/zh-en-intermediate,determiner_noun_agreement_irregular_2,0.887,887,1000,main
RA-ALTA/zh-en-advanced,determiner_noun_agreement_with_adjective_1,0.924,924,1000,main
RA-ALTA/zh-en-fluent,distractor_agreement_relative_clause,0.571,571,1000,main
RA-ALTA/zh-en-intermediate,determiner_noun_agreement_with_adj_2,0.898,898,1000,main
RA-ALTA/zh-en-advanced,distractor_agreement_relational_noun,0.788,788,1000,main
RA-ALTA/zh-en-fluent,drop_argument,0.751,751,1000,main
RA-ALTA/zh-en-intermediate,determiner_noun_agreement_with_adj_irregular_1,0.792,792,1000,main
RA-ALTA/zh-en-advanced,distractor_agreement_relative_clause,0.491,491,1000,main
RA-ALTA/zh-en-fluent,ellipsis_n_bar_1,0.803,803,1000,main
RA-ALTA/zh-en-intermediate,determiner_noun_agreement_with_adj_irregular_2,0.864,864,1000,main
RA-ALTA/zh-en-advanced,drop_argument,0.743,743,1000,main
RA-ALTA/zh-en-fluent,ellipsis_n_bar_2,0.874,874,1000,main
RA-ALTA/zh-en-intermediate,determiner_noun_agreement_with_adjective_1,0.906,906,1000,main
RA-ALTA/zh-en-advanced,ellipsis_n_bar_1,0.771,771,1000,main
RA-ALTA/zh-en-fluent,existential_there_object_raising,0.821,821,1000,main
RA-ALTA/zh-en-intermediate,distractor_agreement_relational_noun,0.781,781,1000,main
RA-ALTA/zh-en-advanced,ellipsis_n_bar_2,0.886,886,1000,main
RA-ALTA/zh-en-fluent,existential_there_quantifiers_1,0.953,953,1000,main
RA-ALTA/zh-en-intermediate,distractor_agreement_relative_clause,0.484,484,1000,main
RA-ALTA/zh-en-advanced,existential_there_object_raising,0.832,832,1000,main
RA-ALTA/zh-en-fluent,existential_there_quantifiers_2,0.485,485,1000,main
RA-ALTA/zh-en-intermediate,drop_argument,0.746,746,1000,main
RA-ALTA/zh-en-advanced,existential_there_quantifiers_1,0.977,977,1000,main
RA-ALTA/zh-en-fluent,existential_there_subject_raising,0.853,853,1000,main
RA-ALTA/zh-en-intermediate,ellipsis_n_bar_1,0.783,783,1000,main
RA-ALTA/zh-en-advanced,existential_there_quantifiers_2,0.595,595,1000,main
RA-ALTA/zh-en-fluent,expletive_it_object_raising,0.757,757,1000,main
RA-ALTA/zh-en-intermediate,ellipsis_n_bar_2,0.857,857,1000,main
RA-ALTA/zh-en-advanced,existential_there_subject_raising,0.828,828,1000,main
RA-ALTA/zh-en-fluent,inchoative,0.632,632,1000,main
RA-ALTA/zh-en-intermediate,existential_there_object_raising,0.814,814,1000,main
RA-ALTA/zh-en-advanced,expletive_it_object_raising,0.729,729,1000,main
RA-ALTA/zh-en-fluent,intransitive,0.737,737,1000,main
RA-ALTA/zh-en-intermediate,existential_there_quantifiers_1,0.953,953,1000,main
RA-ALTA/zh-en-advanced,inchoative,0.604,604,1000,main
RA-ALTA/zh-en-fluent,irregular_past_participle_adjectives,0.966,966,1000,main
RA-ALTA/zh-en-intermediate,existential_there_quantifiers_2,0.573,573,1000,main
RA-ALTA/zh-en-advanced,intransitive,0.734,734,1000,main
RA-ALTA/zh-en-fluent,irregular_past_participle_verbs,0.807,807,1000,main
RA-ALTA/zh-en-intermediate,existential_there_subject_raising,0.836,836,1000,main
RA-ALTA/zh-en-advanced,irregular_past_participle_adjectives,0.951,951,1000,main
RA-ALTA/zh-en-fluent,irregular_plural_subject_verb_agreement_1,0.881,881,1000,main
RA-ALTA/zh-en-intermediate,expletive_it_object_raising,0.753,753,1000,main
RA-ALTA/zh-en-advanced,irregular_past_participle_verbs,0.81,810,1000,main
RA-ALTA/zh-en-fluent,irregular_plural_subject_verb_agreement_2,0.914,914,1000,main
RA-ALTA/zh-en-intermediate,inchoative,0.551,551,1000,main
RA-ALTA/zh-en-advanced,irregular_plural_subject_verb_agreement_1,0.873,873,1000,main
RA-ALTA/zh-en-fluent,left_branch_island_echo_question,0.397,397,1000,main
RA-ALTA/zh-en-intermediate,intransitive,0.689,689,1000,main
RA-ALTA/zh-en-advanced,irregular_plural_subject_verb_agreement_2,0.903,903,1000,main
RA-ALTA/zh-en-fluent,left_branch_island_simple_question,0.387,387,1000,main
RA-ALTA/zh-en-intermediate,irregular_past_participle_adjectives,0.929,929,1000,main
RA-ALTA/zh-en-advanced,left_branch_island_echo_question,0.406,406,1000,main
RA-ALTA/zh-en-fluent,matrix_question_npi_licensor_present,0.258,258,1000,main
RA-ALTA/zh-en-intermediate,irregular_past_participle_verbs,0.82,820,1000,main
RA-ALTA/zh-en-advanced,left_branch_island_simple_question,0.353,353,1000,main
RA-ALTA/zh-en-fluent,npi_present_1,0.494,494,1000,main
RA-ALTA/zh-en-intermediate,irregular_plural_subject_verb_agreement_1,0.849,849,1000,main
RA-ALTA/zh-en-advanced,matrix_question_npi_licensor_present,0.189,189,1000,main
RA-ALTA/zh-en-fluent,npi_present_2,0.558,558,1000,main
RA-ALTA/zh-en-intermediate,irregular_plural_subject_verb_agreement_2,0.897,897,1000,main
RA-ALTA/zh-en-advanced,npi_present_1,0.54,540,1000,main
RA-ALTA/zh-en-fluent,only_npi_licensor_present,0.62,620,1000,main
RA-ALTA/zh-en-intermediate,left_branch_island_echo_question,0.431,431,1000,main
RA-ALTA/zh-en-advanced,npi_present_2,0.516,516,1000,main
RA-ALTA/zh-en-fluent,only_npi_scope,0.583,583,1000,main
RA-ALTA/zh-en-intermediate,left_branch_island_simple_question,0.353,353,1000,main
RA-ALTA/zh-en-advanced,only_npi_licensor_present,0.535,535,1000,main
RA-ALTA/zh-en-fluent,passive_1,0.895,895,1000,main
RA-ALTA/zh-en-advanced,only_npi_scope,0.565,565,1000,main
RA-ALTA/zh-en-intermediate,matrix_question_npi_licensor_present,0.151,151,1000,main
RA-ALTA/zh-en-fluent,passive_2,0.903,903,1000,main
RA-ALTA/zh-en-advanced,passive_1,0.881,881,1000,main
RA-ALTA/zh-en-intermediate,npi_present_1,0.425,425,1000,main
RA-ALTA/zh-en-fluent,principle_A_c_command,0.63,630,1000,main
RA-ALTA/zh-en-advanced,passive_2,0.886,886,1000,main
RA-ALTA/zh-en-intermediate,npi_present_2,0.497,497,1000,main
RA-ALTA/zh-en-fluent,principle_A_case_1,1.0,1000,1000,main
RA-ALTA/zh-en-advanced,principle_A_c_command,0.607,607,1000,main
RA-ALTA/zh-en-intermediate,only_npi_licensor_present,0.43,430,1000,main
RA-ALTA/zh-en-fluent,principle_A_case_2,0.916,916,1000,main
RA-ALTA/zh-en-advanced,principle_A_case_1,1.0,1000,1000,main
RA-ALTA/zh-en-intermediate,only_npi_scope,0.477,477,1000,main
RA-ALTA/zh-en-fluent,principle_A_domain_1,0.97,970,1000,main
RA-ALTA/zh-en-advanced,principle_A_case_2,0.874,874,1000,main
RA-ALTA/zh-en-intermediate,passive_1,0.871,871,1000,main
RA-ALTA/zh-en-fluent,principle_A_domain_2,0.792,792,1000,main
RA-ALTA/zh-en-advanced,principle_A_domain_1,0.982,982,1000,main
RA-ALTA/zh-en-intermediate,passive_2,0.883,883,1000,main
RA-ALTA/zh-en-fluent,principle_A_domain_3,0.474,474,1000,main
RA-ALTA/zh-en-advanced,principle_A_domain_2,0.795,795,1000,main
RA-ALTA/zh-en-intermediate,principle_A_c_command,0.652,652,1000,main
RA-ALTA/zh-en-fluent,principle_A_reconstruction,0.242,242,1000,main
RA-ALTA/zh-en-advanced,principle_A_domain_3,0.487,487,1000,main
RA-ALTA/zh-en-intermediate,principle_A_case_1,1.0,1000,1000,main
RA-ALTA/zh-en-fluent,regular_plural_subject_verb_agreement_1,0.83,830,1000,main
RA-ALTA/zh-en-advanced,principle_A_reconstruction,0.293,293,1000,main
RA-ALTA/zh-en-intermediate,principle_A_case_2,0.834,834,1000,main
RA-ALTA/zh-en-fluent,regular_plural_subject_verb_agreement_2,0.91,910,1000,main
RA-ALTA/zh-en-advanced,regular_plural_subject_verb_agreement_1,0.827,827,1000,main
RA-ALTA/zh-en-intermediate,principle_A_domain_1,0.988,988,1000,main
RA-ALTA/zh-en-fluent,sentential_negation_npi_licensor_present,0.991,991,1000,main
RA-ALTA/zh-en-advanced,regular_plural_subject_verb_agreement_2,0.898,898,1000,main
RA-ALTA/zh-en-intermediate,principle_A_domain_2,0.771,771,1000,main
RA-ALTA/zh-en-fluent,sentential_negation_npi_scope,0.406,406,1000,main
RA-ALTA/zh-en-advanced,sentential_negation_npi_licensor_present,0.998,998,1000,main
RA-ALTA/zh-en-intermediate,principle_A_domain_3,0.469,469,1000,main
RA-ALTA/zh-en-fluent,sentential_subject_island,0.389,389,1000,main
RA-ALTA/zh-en-advanced,sentential_negation_npi_scope,0.345,345,1000,main
RA-ALTA/zh-en-intermediate,principle_A_reconstruction,0.285,285,1000,main
RA-ALTA/zh-en-fluent,superlative_quantifiers_1,0.634,634,1000,main
RA-ALTA/zh-en-advanced,sentential_subject_island,0.402,402,1000,main
RA-ALTA/zh-en-intermediate,regular_plural_subject_verb_agreement_1,0.809,809,1000,main
RA-ALTA/zh-en-fluent,superlative_quantifiers_2,0.69,690,1000,main
RA-ALTA/zh-en-advanced,superlative_quantifiers_1,0.699,699,1000,main
RA-ALTA/zh-en-intermediate,regular_plural_subject_verb_agreement_2,0.899,899,1000,main
RA-ALTA/zh-en-fluent,tough_vs_raising_1,0.44,440,1000,main
RA-ALTA/zh-en-advanced,superlative_quantifiers_2,0.748,748,1000,main
RA-ALTA/zh-en-intermediate,sentential_negation_npi_licensor_present,0.998,998,1000,main
RA-ALTA/zh-en-fluent,tough_vs_raising_2,0.905,905,1000,main
RA-ALTA/zh-en-advanced,tough_vs_raising_1,0.368,368,1000,main
RA-ALTA/zh-en-intermediate,sentential_negation_npi_scope,0.407,407,1000,main
RA-ALTA/zh-en-fluent,transitive,0.835,835,1000,main
RA-ALTA/zh-en-advanced,tough_vs_raising_2,0.899,899,1000,main
RA-ALTA/zh-en-intermediate,sentential_subject_island,0.333,333,1000,main
RA-ALTA/zh-en-fluent,wh_island,0.737,737,1000,main
RA-ALTA/zh-en-advanced,transitive,0.811,811,1000,main
RA-ALTA/zh-en-intermediate,superlative_quantifiers_1,0.619,619,1000,main
RA-ALTA/zh-en-fluent,wh_questions_object_gap,0.674,674,1000,main
RA-ALTA/zh-en-advanced,wh_island,0.585,585,1000,main
RA-ALTA/zh-en-intermediate,superlative_quantifiers_2,0.695,695,1000,main
RA-ALTA/zh-en-fluent,wh_questions_subject_gap,0.888,888,1000,main
RA-ALTA/zh-en-advanced,wh_questions_object_gap,0.701,701,1000,main
RA-ALTA/zh-en-intermediate,tough_vs_raising_1,0.346,346,1000,main
RA-ALTA/zh-en-fluent,wh_questions_subject_gap_long_distance,0.826,826,1000,main
RA-ALTA/zh-en-advanced,wh_questions_subject_gap,0.864,864,1000,main
RA-ALTA/zh-en-intermediate,tough_vs_raising_2,0.91,910,1000,main
RA-ALTA/zh-en-fluent,wh_vs_that_no_gap,0.951,951,1000,main
RA-ALTA/zh-en-advanced,wh_questions_subject_gap_long_distance,0.819,819,1000,main
RA-ALTA/zh-en-intermediate,transitive,0.81,810,1000,main
RA-ALTA/zh-en-fluent,wh_vs_that_no_gap_long_distance,0.953,953,1000,main
RA-ALTA/zh-en-advanced,wh_vs_that_no_gap,0.966,966,1000,main
RA-ALTA/zh-en-intermediate,wh_island,0.586,586,1000,main
RA-ALTA/zh-en-fluent,wh_vs_that_with_gap,0.533,533,1000,main
RA-ALTA/zh-en-advanced,wh_vs_that_no_gap_long_distance,0.976,976,1000,main
RA-ALTA/zh-en-intermediate,wh_questions_object_gap,0.702,702,1000,main
RA-ALTA/zh-en-fluent,wh_vs_that_with_gap_long_distance,0.294,294,1000,main
RA-ALTA/zh-en-advanced,wh_vs_that_with_gap,0.425,425,1000,main
RA-ALTA/zh-en-intermediate,wh_questions_subject_gap,0.918,918,1000,main
RA-ALTA/zh-en-advanced,wh_vs_that_with_gap_long_distance,0.211,211,1000,main
RA-ALTA/zh-en-intermediate,wh_questions_subject_gap_long_distance,0.863,863,1000,main
RA-ALTA/zh-en-intermediate,wh_vs_that_no_gap,0.961,961,1000,main
RA-ALTA/zh-en-intermediate,wh_vs_that_no_gap_long_distance,0.971,971,1000,main
RA-ALTA/zh-en-intermediate,wh_vs_that_with_gap,0.388,388,1000,main
RA-ALTA/zh-en-intermediate,wh_vs_that_with_gap_long_distance,0.179,179,1000,main
